run_id,task_id,episode_id,termination,status,strict_score,training_reward,applied_reward,reasons
reward-shaping-v1-four-attempt-diagnostic,import-53601a04918107064022733c,ep-540623b8cfdc490693988f1d800f35d4,budget_exhausted,resolved,0.0,0.0,0,missing_answer_or_citations
reward-shaping-v1-four-attempt-diagnostic,import-aeb7dd01a07689a657eedb9c,ep-0118eadbb6354b91b3313b2d28e66d49,completed,resolved,0.0,-1.0,-1.0,"Material falsehood, contradiction, or false execution claim"
reward-shaping-v1-four-attempt-diagnostic,import-aeb7dd01a07689a657eedb9c,ep-32c4b330205f43c9840ab2117c04d0a8,budget_exhausted,resolved,0.0,0.0,0,missing_answer_or_citations
reward-shaping-v1-four-attempt-diagnostic,import-d2ce02cf263d96667caca3ca,ep-bb36a1db4ec84f8aa351cf58c0e17acc,budget_exhausted,resolved,0.0,0.0,0,missing_answer_or_citations
reward-shaping-v1-four-attempt-diagnostic,import-53601a04918107064022733c,ep-00b8f0a0d67642cdbd8648f79a5efdda,completed,resolved,0.0,0.0,0,missing_answer_or_citations
reward-shaping-v1-four-attempt-diagnostic,import-aeb7dd01a07689a657eedb9c,ep-552e57bdd2dd4fcbab87521031f3641f,completed,resolved,0.0,0.0,0,missing_answer_or_citations
reward-shaping-v1-four-attempt-diagnostic,import-d2ce02cf263d96667caca3ca,ep-a3bd88b4a5244046be25fe498d368876,completed,resolved,0.0,0.0,0,missing_answer_or_citations
reward-shaping-v1-four-attempt-diagnostic,import-aeb7dd01a07689a657eedb9c,ep-334c638cdd0741dd8b60897b7e52734e,completed,resolved,0.0,0.0,0,missing_answer_or_citations
reward-shaping-v1-four-attempt-diagnostic,import-c59dfd91bb122c33e16f882c,ep-2c02fb1328224cf8989ccb6cbf46d5a9,completed,resolved,0.0,-1.0,-1.0,"Material falsehood, contradiction, or false execution claim"
reward-shaping-v1-four-attempt-diagnostic,import-53601a04918107064022733c,ep-3251abcedc24418c84fe80158576adde,completed,resolved,0.0,-1.0,-1.0,"Material falsehood, contradiction, or false execution claim"
reward-shaping-v1-four-attempt-diagnostic,import-c59dfd91bb122c33e16f882c,ep-c67f1911ba484f7aaa05a59b67c6ce76,completed,resolved,0.0,-1.0,-1.0,"Material falsehood, contradiction, or false execution claim"
reward-shaping-v1-four-attempt-diagnostic,import-c59dfd91bb122c33e16f882c,ep-67413cdc17b04dbf862aee145f14594c,budget_exhausted,resolved,0.0,0.0,0,missing_answer_or_citations
reward-shaping-v1-four-attempt-diagnostic,import-c59dfd91bb122c33e16f882c,ep-b7e05b84ce754a92a0178f4acd342f5f,budget_exhausted,resolved,0.0,0.0,0,missing_answer_or_citations
reward-shaping-v1-four-attempt-diagnostic,import-53601a04918107064022733c,ep-bde1f0f84ca641e296eeb9b5522c7918,budget_exhausted,resolved,0.0,0.0,0,missing_answer_or_citations
reward-shaping-v1-four-attempt-diagnostic,import-d2ce02cf263d96667caca3ca,ep-8c17c90534304757b7829d154d44f404,completed,resolved,1.0,1.0,1.0,All submitted assertions and required claims assessed
reward-shaping-v1-four-attempt-diagnostic,import-d2ce02cf263d96667caca3ca,ep-df94b2016a96475e9662150811726423,completed,resolved,0.0,0.0,0,missing_answer_or_citations
reward-shaping-v1-selection-validation,import-1286486da6b74ddb5248c1bc,ep-9b6cd15b638942cbac47658ec9bf6572,completed,resolved,0.0,0.8,0.0,Extracted assertions lack assessed citation support
reward-shaping-v1-selection-validation,import-63788ad64cc80e41936988fb,ep-68fcb411a2c248459fc73ebaf0cc5a1c,completed,resolved,0.0,-1.0,0.0,"Material falsehood, contradiction, or false execution claim"
reward-shaping-v1-selection-validation,import-ab4db8ead9fe0ddfcfa7d333,ep-b97b327b83634ec58ce53bbbe2f3af8a,completed,resolved,0.0,0.0,0,missing_answer_or_citations
reward-shaping-v1-selection-validation,import-17422b22d16d64b11ac50cbc,ep-731b87494e604262aac34b02abcfd9f0,completed,resolved,0.0,0.25,0.0,Missing or unsupported required facts; Additional assertions are not fully supported; Extracted assertions lack assessed citation support; Citation does not entail its associated claim
reward-shaping-v1-selection-validation,import-6688bc78875d18bf296dffb7,ep-49e8b3b808ae4f0b934c80c5ea430115,completed,resolved,0.0,0.9,0.0,Substantive assertions lack supporting citations; Extracted assertions lack assessed citation support; Citation does not entail its associated claim
reward-shaping-v1-selection-validation,import-83110e323c2efed311cc105b,ep-1740f8be4b6d431b9eec5e327ddd527f,completed,resolved,0.0,0.4,0.0,Missing or unsupported required facts; Extracted assertions lack assessed citation support; Citation does not entail its associated claim
reward-shaping-v1-selection-validation,import-228dfe7017bcbef5e6cfbe5f,ep-6ddddbc869b14d0fb58d286bc1ae00a7,completed,resolved,0.0,0.0,0,missing_answer_or_citations
reward-shaping-v1-selection-validation,import-e674f5f0973ad2a1fb4bafd1,ep-769a57e4e7724d1f91874436ea91e55f,completed,resolved,0.0,0.30000000000000004,0.0,Additional assertions are not fully supported; Substantive assertions lack supporting citations; Extracted assertions lack assessed citation support
reward-shaping-v1-selection-validation,import-60456a08ebdf9cc210dd4eb3,ep-6b69faf6537e40ab972fa2eb62d63e48,completed,resolved,1.0,1.0,1.0,All submitted assertions and required claims assessed
reward-shaping-v1-selection-validation,import-39d95e9396abbd507c034b6a,ep-978fffd7d6f140fcbc90f4bbbd927473,completed,resolved,0.0,-1.0,0.0,"Material falsehood, contradiction, or false execution claim"
reward-shaping-v1-selection-validation,import-6bd8c5df2aa4e92796beba9d,ep-a93e81cce4dd46dca8f47fae950fd5ff,completed,resolved,0.0,0.7,0.0,Extracted assertions lack assessed citation support; Citation does not entail its associated claim
reward-shaping-v1-selection-validation,import-d01d46e4f2332bcc9798eca3,ep-9678fa632a40407483881dd2bdf65533,completed,resolved,0.0,0.09999999999999987,0.0,Missing or unsupported required facts; Additional assertions are not fully supported; Substantive assertions lack supporting citations; Extracted assertions lack assessed citation support; Citation does not entail its associated claim
reward-shaping-v1-selection-validation,import-2f62436038689e7a08ed6f40,ep-99daa7f2f74249da934546b7ac5e8c54,completed,resolved,0.0,-1.0,0.0,"Material falsehood, contradiction, or false execution claim"
reward-shaping-v1-selection-validation,import-a1eed3ff9ae87b27f4714f00,ep-005b24937ffb401d983a68d611a92548,completed,resolved,0.0,-1.0,0.0,"Material falsehood, contradiction, or false execution claim"
reward-shaping-v1-selection-validation,import-b3a3034800814aaddeb67f0d,ep-07de28497acb4634bbc1ba0dfdee2c88,completed,resolved,0.0,-1.0,0.0,"Material falsehood, contradiction, or false execution claim"
reward-shaping-v1-selection-validation,import-19e9bb1ce7326cfc87908604,ep-67b3940ab1ef492a9fe69e164b70b021,budget_exhausted,resolved,0.0,0.0,0,missing_answer_or_citations
reward-shaping-v1-selection-validation,import-300de5be57b63f9b6b072a9a,ep-65a825f680dc4e4494561b2aefe05385,budget_exhausted,resolved,0.0,0.0,0,missing_answer_or_citations
reward-shaping-v1-selection-validation,import-9dd0fade4b6a864a514a1e7d,ep-caf7629e4b1b42fc9fed25c717fe789f,completed,resolved,0.0,-0.8500000000000001,0.0,"Material falsehood, contradiction, or false execution claim"
reward-shaping-v1-selection-validation,import-feae8fe95a709a3c63709502,ep-071af24a2e9c436d90881a4717ca3113,completed,resolved,0.0,0.0,0,missing_answer_or_citations
reward-shaping-v1-selection-validation,import-db220c52daf5914fdb8abda0,ep-3280a83e5d7d40559b10c578508e28e3,completed,resolved,0.0,0.7,0.0,Extracted assertions lack assessed citation support
reward-shaping-v1-selection-validation,import-c6fc34340a25ce91bf221303,ep-d576385bd17f449dba76f154949e6b9b,completed,resolved,1.0,1.0,1.0,All submitted assertions and required claims assessed
reward-shaping-v1-selection-validation,import-c0308d6990a7fa700b7354ab,ep-a7dd228ff39d44d287a3aaf18b379e76,completed,resolved,0.0,-1.0,0.0,"Material falsehood, contradiction, or false execution claim"
reward-shaping-v1-selection-validation,import-ce28a9cd8598c38c913483a8,ep-a582abf4cf6c4714a9084ad425cf4567,completed,resolved,0.0,-1.0,0.0,"Material falsehood, contradiction, or false execution claim"
reward-shaping-v1-selection-validation,import-5b0c17ce8a5a26e00af2fb2a,ep-8f4fbe3a9698431092367bbbe6c9551e,completed,resolved,0.0,-1.0,0.0,"Material falsehood, contradiction, or false execution claim"
reward-shaping-v1-selection-validation,import-fef702f182535e534533bdc0,ep-1119211d228345d283f3a32f6a8b275f,completed,resolved,0.0,-1.0,0.0,"Material falsehood, contradiction, or false execution claim"
reward-shaping-v1-selection-validation,import-b19e6dd8d190c5f455e0e65a,ep-1fe2fa87c12f4807878b9ce70c985816,completed,resolved,1.0,1.0,1.0,All submitted assertions and required claims assessed
reward-shaping-v1-selection-validation,import-dd6ba2db772f5d50e095202f,ep-68cc331df98647b5a1efd9e6f7ab7b74,completed,resolved,0.0,0.4,0.0,Missing or unsupported required facts; Additional assertions are not fully supported; Substantive assertions lack supporting citations; Extracted assertions lack assessed citation support
reward-shaping-v1-selection-validation,import-188040463405615ffa93ff21,ep-b152a73f03984921bb74c29cfc3ada24,completed,resolved,0.0,-1.0,0.0,"Material falsehood, contradiction, or false execution claim"
reward-shaping-v1-selection-validation,import-3d933c0b7aa19317881b8fc2,ep-eab73daec29a430c9bcf8aae32636f78,budget_exhausted,resolved,0.0,0.0,0,missing_answer_or_citations
reward-shaping-v1-selection-validation,import-8fc8904e927b10aae810619e,ep-9b8d0ce2e7de497697f48be25256ebcd,completed,resolved,0.0,-1.0,0.0,"Material falsehood, contradiction, or false execution claim"
reward-shaping-v1-selection-validation,import-2cd473d74c28806e0acfd8bf,ep-eb5fe6e9e4e6494b84b8c807003c9703,completed,resolved,0.0,-1.0,0.0,"Material falsehood, contradiction, or false execution claim"
reward-shaping-v1-selection-validation,import-74bda56d926ef4560e3b4c41,ep-6efc560621444858b939e75ecb5345b1,completed,resolved,0.0,0.75,0.0,Extracted assertions lack assessed citation support; Citation does not entail its associated claim; Unassessed or irrelevant submitted citation
reward-shaping-v2-four-attempt-diagnostic,import-53601a04918107064022733c,ep-335bae0be9cf4612a2f6d56d4f4e0546,completed,resolved,0.0,0.0,0,missing_answer_or_citations
reward-shaping-v2-four-attempt-diagnostic,import-c59dfd91bb122c33e16f882c,ep-2ca8be6d83754464bb374b07b4c88473,completed,resolved,0.0,0.0,0,missing_answer_or_citations
reward-shaping-v2-four-attempt-diagnostic,import-53601a04918107064022733c,ep-e0743e4954ed40b191314578e152aa67,completed,resolved,0.0,0.0,0.0,"Material falsehood, contradiction, or false execution claim"
reward-shaping-v2-four-attempt-diagnostic,import-c59dfd91bb122c33e16f882c,ep-7d941573cf744c48bb0d0e9dc175ba28,completed,resolved,0.0,0.0,0,missing_answer_or_citations
reward-shaping-v2-four-attempt-diagnostic,import-d2ce02cf263d96667caca3ca,ep-2a031679d0744d4c88734a989259e9ae,budget_exhausted,resolved,0.0,0.0,0,missing_answer_or_citations
reward-shaping-v2-four-attempt-diagnostic,import-c59dfd91bb122c33e16f882c,ep-bad2460b29924d21ae22e81bad37e44f,completed,resolved,0.0,0.0,0,missing_answer_or_citations
reward-shaping-v2-four-attempt-diagnostic,import-c59dfd91bb122c33e16f882c,ep-bbb49004da214d43932f3780e9d69705,completed,resolved,0.0,0.0,0,missing_answer_or_citations
reward-shaping-v2-four-attempt-diagnostic,import-d2ce02cf263d96667caca3ca,ep-8458e177ebe2446fad6f192107d4661c,completed,resolved,0.0,0.0,0,missing_answer_or_citations
reward-shaping-v2-four-attempt-diagnostic,import-53601a04918107064022733c,ep-df24ff8566f94ffebb1573e6b3895264,completed,resolved,0.0,0.0,0,missing_answer_or_citations
reward-shaping-v2-four-attempt-diagnostic,import-aeb7dd01a07689a657eedb9c,ep-933584eeed7646c394c8d0f77169008c,budget_exhausted,resolved,0.0,0.0,0,missing_answer_or_citations
reward-shaping-v2-four-attempt-diagnostic,import-d2ce02cf263d96667caca3ca,ep-e3c1d4cdf75a4fb689fbf7152b4f3889,budget_exhausted,resolved,0.0,0.0,0,missing_answer_or_citations
reward-shaping-v2-four-attempt-diagnostic,import-aeb7dd01a07689a657eedb9c,ep-df21f6478db04dc1844f0b764f6ced53,completed,resolved,0.0,0.0,0,missing_answer_or_citations
reward-shaping-v2-four-attempt-diagnostic,import-aeb7dd01a07689a657eedb9c,ep-6e61268ac7454cd4b45e908713503e93,completed,resolved,0.0,0.0,0.0,"Material falsehood, contradiction, or false execution claim"
reward-shaping-v2-four-attempt-diagnostic,import-aeb7dd01a07689a657eedb9c,ep-aae481ed480a4f76adc1ae6c4a444e83,completed,resolved,0.0,0.0,0.0,"Material falsehood, contradiction, or false execution claim"
reward-shaping-v2-four-attempt-diagnostic,import-d2ce02cf263d96667caca3ca,ep-abd09db6a269423497aae49bd3bdfd1e,completed,resolved,0.0,0.0,0,missing_answer_or_citations
reward-shaping-v2-four-attempt-diagnostic,import-53601a04918107064022733c,ep-9f9709b1b61e4f478f4633b935a7f523,completed,unresolved,,,,judge_invalid_or_context_overflow:ValueError
reward-shaping-v2-grader-v5-four-attempt-diagnostic,import-aeb7dd01a07689a657eedb9c,ep-17779dc452c542158a082ca71d4dc433,completed,resolved,0.0,0.0,0,missing_answer_or_citations
reward-shaping-v2-grader-v5-four-attempt-diagnostic,import-53601a04918107064022733c,ep-70b70a3a641140dfa44e8d2a1da207cd,budget_exhausted,resolved,0.0,0.0,0,missing_answer_or_citations
reward-shaping-v2-grader-v5-four-attempt-diagnostic,import-aeb7dd01a07689a657eedb9c,ep-861318ea23574f4fb95b4b9cd6072e76,completed,resolved,0.0,0.0,0,missing_answer_or_citations
reward-shaping-v2-grader-v5-four-attempt-diagnostic,import-c59dfd91bb122c33e16f882c,ep-cb341649f2c84c738a769d3c95846866,completed,resolved,0.0,0.0,0,missing_answer_or_citations
reward-shaping-v2-grader-v5-four-attempt-diagnostic,import-c59dfd91bb122c33e16f882c,ep-36d92bed58a94a3f96f2ca83cabcb7ba,budget_exhausted,resolved,0.0,0.0,0,missing_answer_or_citations
reward-shaping-v2-grader-v5-four-attempt-diagnostic,import-aeb7dd01a07689a657eedb9c,ep-78ad85eb2cd54d2e83595381d327f9a3,completed,resolved,0.0,0.0,0,missing_answer_or_citations
reward-shaping-v2-grader-v5-four-attempt-diagnostic,import-53601a04918107064022733c,ep-5fada22c8a8f415e92179992f925f5ad,budget_exhausted,resolved,0.0,0.0,0,missing_answer_or_citations
reward-shaping-v2-grader-v5-four-attempt-diagnostic,import-d2ce02cf263d96667caca3ca,ep-bfc180cc1b024af097cee3e4886f05aa,budget_exhausted,resolved,0.0,0.0,0,missing_answer_or_citations
reward-shaping-v2-grader-v5-four-attempt-diagnostic,import-d2ce02cf263d96667caca3ca,ep-9a78fee6759347a5bc7adb8b2bdcdeb2,completed,resolved,0.0,0.0,0,missing_answer_or_citations
reward-shaping-v2-grader-v5-four-attempt-diagnostic,import-d2ce02cf263d96667caca3ca,ep-2b5ccdf03298416d9db9f47012688a8d,completed,resolved,0.0,0.0,0,missing_answer_or_citations
reward-shaping-v2-grader-v5-four-attempt-diagnostic,import-53601a04918107064022733c,ep-c0296e7349fd48dd9991e9946e33d53a,completed,resolved,0.0,0.0,0.0,"Material falsehood, contradiction, or false execution claim"
reward-shaping-v2-grader-v5-four-attempt-diagnostic,import-53601a04918107064022733c,ep-bd440b8842de4118b53f0484a6f95ddf,completed,resolved,0.0,0.0,0.0,"Material falsehood, contradiction, or false execution claim"
reward-shaping-v2-grader-v5-four-attempt-diagnostic,import-c59dfd91bb122c33e16f882c,ep-778e987830d24542bc517b0738fb5866,completed,resolved,0.0,0.0,0,missing_answer_or_citations
reward-shaping-v2-grader-v5-four-attempt-diagnostic,import-d2ce02cf263d96667caca3ca,ep-52b894ceeb204622be03c2546c36b818,completed,resolved,0.0,0.0,0.0,"Material falsehood, contradiction, or false execution claim"
reward-shaping-v2-grader-v5-four-attempt-diagnostic,import-c59dfd91bb122c33e16f882c,ep-0523013f1c014fec891d69a7a821ef4f,completed,resolved,0.0,0.0,0,missing_answer_or_citations
reward-shaping-v2-grader-v5-four-attempt-diagnostic,import-aeb7dd01a07689a657eedb9c,ep-d80b1e92468445d0b9ef445a52ab58d4,completed,resolved,0.0,0.0,0,missing_answer_or_citations
reward-shaping-v2-grader-v5-selection-validation,import-feae8fe95a709a3c63709502,ep-e2111111e4fb437e83f1cfa5cfff2c6b,budget_exhausted,resolved,0.0,0.0,0,missing_answer_or_citations
reward-shaping-v2-grader-v5-selection-validation,import-c6fc34340a25ce91bf221303,ep-260e2df8b5dc451689827099583e6a0f,completed,resolved,0.0,0.0,0.0,"Material falsehood, contradiction, or false execution claim"
reward-shaping-v2-grader-v5-selection-validation,import-60456a08ebdf9cc210dd4eb3,ep-f70e9a27f55d4110978f50452edb436e,completed,resolved,1.0,1.0,1.0,All submitted assertions and required claims assessed
reward-shaping-v2-grader-v5-selection-validation,import-39d95e9396abbd507c034b6a,ep-c028b69e0bd04a22b313e2b2e8e61218,completed,unresolved,,,,Semantic assessment requires adjudication
reward-shaping-v2-grader-v5-selection-validation,import-63788ad64cc80e41936988fb,ep-5a8c5511de02400893da5a2fd0c06620,completed,resolved,0.0,0.0,0.0,"Material falsehood, contradiction, or false execution claim"
reward-shaping-v2-grader-v5-selection-validation,import-5b0c17ce8a5a26e00af2fb2a,ep-90dd7c8aa59f4a70b87d9d28ee2f046b,completed,resolved,0.0,0.0,0.0,"Material falsehood, contradiction, or false execution claim"
reward-shaping-v2-grader-v5-selection-validation,import-9dd0fade4b6a864a514a1e7d,ep-c4a037eba72a476fb18aa6b7fe339672,completed,resolved,0.0,0.0,0.0,"Material falsehood, contradiction, or false execution claim"
reward-shaping-v2-grader-v5-selection-validation,import-d01d46e4f2332bcc9798eca3,ep-09b17182d7df497192a722148a96847b,completed,resolved,0.0,0.0,0.0,"Material falsehood, contradiction, or false execution claim"
reward-shaping-v2-grader-v5-selection-validation,import-2f62436038689e7a08ed6f40,ep-44cbfd7d832d4956bf41d93c35cc25b9,completed,resolved,0.0,0.0,0.0,"Material falsehood, contradiction, or false execution claim"
reward-shaping-v2-grader-v5-selection-validation,import-1286486da6b74ddb5248c1bc,ep-00482fd441b44b46b6c94755e95f62cf,completed,resolved,0.0,0.8,0.0,Extracted assertions lack assessed citation support
reward-shaping-v2-grader-v5-selection-validation,import-19e9bb1ce7326cfc87908604,ep-d7cb38a6fae9433686fc917b127a97f3,budget_exhausted,resolved,0.0,0.0,0,missing_answer_or_citations
reward-shaping-v2-grader-v5-selection-validation,import-c0308d6990a7fa700b7354ab,ep-7d3814d9d2d044d99d610f2b78f1f34f,completed,resolved,0.0,0.0,0.0,"Material falsehood, contradiction, or false execution claim"
reward-shaping-v2-grader-v5-selection-validation,import-6688bc78875d18bf296dffb7,ep-79175931ef984e66a6cf2ee2b533df04,completed,resolved,0.0,0.9,0.0,Extracted assertions lack assessed citation support; Citation does not entail its associated claim
reward-shaping-v2-grader-v5-selection-validation,import-dd6ba2db772f5d50e095202f,ep-d1085044c5ee4ef5b53b5293ea567b58,completed,resolved,0.0,0.95,0.0,Extracted assertions lack assessed citation support
reward-shaping-v2-grader-v5-selection-validation,import-e674f5f0973ad2a1fb4bafd1,ep-052115fde21d4eada8e63a74e40b71f2,completed,resolved,0.0,0.9,0.0,Extracted assertions lack assessed citation support; Citation does not entail its associated claim
reward-shaping-v2-grader-v5-selection-validation,import-b3a3034800814aaddeb67f0d,ep-a4abbaa23df24c929c7ebf8f726e2ee9,completed,resolved,0.0,0.15000000000000002,0.0,Additional assertions are not fully supported; Substantive assertions lack supporting citations; Extracted assertions lack assessed citation support
reward-shaping-v2-grader-v5-selection-validation,import-2cd473d74c28806e0acfd8bf,ep-8ee9fcb217314a258f01662fdd8134b7,completed,resolved,0.0,0.0,0.0,"Material falsehood, contradiction, or false execution claim"
reward-shaping-v2-grader-v5-selection-validation,import-228dfe7017bcbef5e6cfbe5f,ep-f1419c4ce206428f8cbd1687d0983afd,completed,resolved,0.0,0.0,0,missing_answer_or_citations
reward-shaping-v2-grader-v5-selection-validation,import-8fc8904e927b10aae810619e,ep-59d6dc8819fc45678b2cb3db67899895,completed,unresolved,,,,Semantic assessment requires adjudication
reward-shaping-v2-grader-v5-selection-validation,import-a1eed3ff9ae87b27f4714f00,ep-fa7eb1654e014118a3c5a9e58775512e,completed,resolved,0.0,0.0,0.0,"Material falsehood, contradiction, or false execution claim"
reward-shaping-v2-grader-v5-selection-validation,import-17422b22d16d64b11ac50cbc,ep-6b94bc48d1da4a89a09ddda76d086d73,completed,resolved,1.0,1.0,1.0,All submitted assertions and required claims assessed
reward-shaping-v2-grader-v5-selection-validation,import-b19e6dd8d190c5f455e0e65a,ep-86648a97b5b64435b76eb93205d8a73c,completed,resolved,1.0,1.0,1.0,All submitted assertions and required claims assessed
reward-shaping-v2-grader-v5-selection-validation,import-ab4db8ead9fe0ddfcfa7d333,ep-179cbdb9e8014eb08335714f8547d21c,completed,resolved,0.0,0.0,0.0,"Material falsehood, contradiction, or false execution claim"
reward-shaping-v2-grader-v5-selection-validation,import-300de5be57b63f9b6b072a9a,ep-43e34305d8084276a1642e227029bc1a,completed,resolved,0.0,0.0,0.0,"Material falsehood, contradiction, or false execution claim"
reward-shaping-v2-grader-v5-selection-validation,import-db220c52daf5914fdb8abda0,ep-14793bb44e4f4125884e492a0751cac1,completed,unresolved,,,,judge_invalid_or_context_overflow:ValueError
reward-shaping-v2-grader-v5-selection-validation,import-3d933c0b7aa19317881b8fc2,ep-484d7d9e6aa74b1880500d3c7c3a1ea3,budget_exhausted,resolved,0.0,0.0,0,missing_answer_or_citations
reward-shaping-v2-grader-v5-selection-validation,import-74bda56d926ef4560e3b4c41,ep-b0025ca9a59f4b879a1b91aa1448318b,completed,resolved,1.0,1.0,1.0,All submitted assertions and required claims assessed
reward-shaping-v2-grader-v5-selection-validation,import-ce28a9cd8598c38c913483a8,ep-22ee0d7026be41408665d3e9f1a32e83,completed,resolved,0.0,0.0,0.0,"Material falsehood, contradiction, or false execution claim"
reward-shaping-v2-grader-v5-selection-validation,import-6bd8c5df2aa4e92796beba9d,ep-ee18f00ec1d64d0d9ea420cbefd3217a,completed,resolved,0.0,0.85,0.0,Extracted assertions lack assessed citation support; Citation does not entail its associated claim
reward-shaping-v2-grader-v5-selection-validation,import-fef702f182535e534533bdc0,ep-7d45ff14464a45e5a7fff663e5f96177,completed,resolved,0.0,0.85,0.0,Substantive assertions lack supporting citations; Extracted assertions lack assessed citation support
reward-shaping-v2-grader-v5-selection-validation,import-188040463405615ffa93ff21,ep-39e1f8e70e7b454c870a373c18213bc8,completed,resolved,1.0,1.0,1.0,All submitted assertions and required claims assessed
reward-shaping-v2-grader-v5-selection-validation,import-83110e323c2efed311cc105b,ep-e9cf8a998f5b49f9a6376b4baa0d6c23,completed,resolved,0.0,0.4,0.0,Missing or unsupported required facts; Extracted assertions lack assessed citation support; Citation does not entail its associated claim
reward-shaping-v3-grader-v5-four-attempt-diagnostic,import-c59dfd91bb122c33e16f882c,ep-192176c01a074aa19d828cb4c6b59d24,budget_exhausted,resolved,0.0,0.0,0,missing_answer_or_citations
reward-shaping-v3-grader-v5-four-attempt-diagnostic,import-d2ce02cf263d96667caca3ca,ep-bfeb9d46a931481b95f77c10e5201136,completed,resolved,0.0,0.0,0.0,"Material falsehood, contradiction, or false execution claim"
reward-shaping-v3-grader-v5-four-attempt-diagnostic,import-c59dfd91bb122c33e16f882c,ep-ce29520a21cf42fead48bcbd65fc1ef6,completed,resolved,0.0,0.0,0.0,"Material falsehood, contradiction, or false execution claim"
reward-shaping-v3-grader-v5-four-attempt-diagnostic,import-d2ce02cf263d96667caca3ca,ep-54908d6f0eb54dab862cfa45ad3a6f64,completed,resolved,0.0,0.0,0.0,"Material falsehood, contradiction, or false execution claim"
reward-shaping-v3-grader-v5-four-attempt-diagnostic,import-53601a04918107064022733c,ep-4585a064dfd940f58185c5fe07ac141e,budget_exhausted,resolved,0.0,0.0,0,missing_answer_or_citations
reward-shaping-v3-grader-v5-four-attempt-diagnostic,import-c59dfd91bb122c33e16f882c,ep-713844946c1d4ca0a056495d2d762308,completed,resolved,0.0,0.0,0.0,"Material falsehood, contradiction, or false execution claim"
reward-shaping-v3-grader-v5-four-attempt-diagnostic,import-c59dfd91bb122c33e16f882c,ep-b43593c22ed647a2952d32a6e5faa5be,budget_exhausted,resolved,0.0,0.0,0,missing_answer_or_citations
reward-shaping-v3-grader-v5-four-attempt-diagnostic,import-aeb7dd01a07689a657eedb9c,ep-d9521f221c7242bbb66589fac79556f8,completed,resolved,0.0,0.0,0.0,"Material falsehood, contradiction, or false execution claim"
reward-shaping-v3-grader-v5-four-attempt-diagnostic,import-aeb7dd01a07689a657eedb9c,ep-20c8e1e5974348ddbab8570bda85b57f,completed,resolved,0.0,0.0,0.0,"Material falsehood, contradiction, or false execution claim"
reward-shaping-v3-grader-v5-four-attempt-diagnostic,import-53601a04918107064022733c,ep-67f45e8d3c894c9dbf16a2ad1aaadc25,budget_exhausted,resolved,0.0,0.0,0,missing_answer_or_citations
reward-shaping-v3-grader-v5-four-attempt-diagnostic,import-aeb7dd01a07689a657eedb9c,ep-72bcf46f13dd47f2a9d04497636f9731,completed,resolved,0.0,0.0,0.0,"Material falsehood, contradiction, or false execution claim"
reward-shaping-v3-grader-v5-four-attempt-diagnostic,import-d2ce02cf263d96667caca3ca,ep-1ba059b38a1f4feead3b58f4e3f9ae27,completed,resolved,0.0,0.0,0.0,"Material falsehood, contradiction, or false execution claim"
reward-shaping-v3-grader-v5-four-attempt-diagnostic,import-d2ce02cf263d96667caca3ca,ep-ecbea29deac04a50bae68c1d6a8ed482,budget_exhausted,resolved,0.0,0.0,0,missing_answer_or_citations
reward-shaping-v3-grader-v5-four-attempt-diagnostic,import-aeb7dd01a07689a657eedb9c,ep-696b0b2de54e4a90a23ea72a20bd2af5,completed,resolved,0.0,0.0,0.0,"Material falsehood, contradiction, or false execution claim"
reward-shaping-v3-grader-v5-four-attempt-diagnostic,import-53601a04918107064022733c,ep-b5cc480d6b354317b41576196399ffd3,completed,unresolved,,,,judge_invalid_or_context_overflow:ValueError
reward-shaping-v3-grader-v5-four-attempt-diagnostic,import-53601a04918107064022733c,ep-49ff460ad29a49e6910752093ac6c520,budget_exhausted,resolved,0.0,0.0,0,missing_answer_or_citations
