rank,task_id,family,score,resolved_attempts,attempt_scores,score_lower_bound,score_upper_bound,strict_passes,strict_review_flag,percentile_band_selected,score_band_selected,question
1,import-54799689542b60bcbea83e9d,sympy/sympy,1.0,2,"[1.0, 1.0]",1.0,1.0,0,False,False,False,Where does the differential geometry vector field commutator class determine whether to compute the result immediately versus deferring it as an unevaluated expression?
2,import-b6580d8dd346d6ba320ab8d5,pylint-dev/pylint,1.0,2,"[1.0, 1.0]",1.0,1.0,2,False,False,False,Where does the control flow in the method that checks ellipsis constants branch differently when the grandparent node is a class definition versus a function definition?
3,import-39ebd622269bdc6c8bf9255b,sphinx-doc/sphinx,1.0,2,"[1.0, 1.0]",1.0,1.0,0,False,False,False,How does the Python domain grouped field class resolve method conflicts between its cross-reference mixin and grouping base class?
4,import-0d5da92978dc996d9ff1e090,psf/requests,1.0,2,"[1.0, 1.0]",1.0,1.0,2,False,False,False,"Where does the apparent_encoding method's control flow handle the absence of the chardet library, and what data path does self.content follow when chardet detection fails versus succeeds?"
5,import-50b89d851e4a335b14cd8a4d,pallets/flask,1.0,2,"[1.0, 1.0]",1.0,1.0,2,False,False,False,Why does the class that handles UUID serialization in the tagged JSON serialization system enable bidirectional conversion between UUID instances and their hexadecimal string representations?
6,import-ba389356544f865148a12b55,pallets/flask,1.0,2,"[1.0, 1.0]",1.0,1.0,2,False,False,False,How does the method that processes unhandled exceptions determine whether to re-raise them or convert them into HTTP 500 responses based on configuration state?
7,import-5326f78f13d9eed3f0ccb19f,pytest-dev/pytest,1.0,2,"[1.0, 1.0]",1.0,1.0,2,False,False,False,Where is the line-wrapping logic that determines when function arguments exceed terminal width implemented in the ReprFuncArgs class?
8,import-8f3b3367fe7626a04434b5a1,psf/requests,1.0,2,"[1.0, 1.0]",1.0,1.0,2,False,False,False,"Why does the `prepare()` method enforce a strict ordering where `prepare_auth()` must be called after `prepare_body()` and `prepare_hooks()` must be called after `prepare_auth()`, rather than allowing these steps to be reordered or parallelized?"
9,import-2b97bc542993df90e0c5135b,matplotlib/matplotlib,1.0,2,"[1.0, 1.0]",1.0,1.0,0,False,False,False,Why does the FigureCanvasPS class reconcile the dual rendering pathways between _print_figure and _print_figure_tex to maintain consistent PostScript output quality while accommodating both standard and TeX-based text rendering modes?
10,import-f53cee9eafc6c47d9bfbfc65,django/django,1.0,2,"[1.0, 1.0]",1.0,1.0,1,False,False,False,Why does the _response_post_save method's permission-based branching logic interact with Django's URL reversal and filter preservation mechanisms to ensure that users are redirected to contextually appropriate locations while maintaining their search and filter state?
11,import-2eef193fac5272ba2b6fadc4,reflex-dev/reflex,1.0,2,"[1.0, 1.0]",1.0,1.0,0,False,False,False,What effect would altering the base classes of the exception class raised when match cases have inconsistent return types have on the propagation of type errors in modules that import it for match case validation?
12,import-1eee93e899bdaf49229336c7,python-pillow/pillow,1.0,2,"[1.0, 1.0]",1.0,1.0,1,False,False,False,Where is compression algorithm support implemented within the FITS image plugin system?
13,import-6e1691ee7fe846d64e83e420,sqlfluff/sqlfluff,1.0,2,"[1.0, 1.0]",1.0,1.0,1,False,False,False,Why does the persist filename dispatcher conditionally suppress skipped file messages based on verbosity rather than delegating filtering to the formatter or a separate layer?
14,import-d2ce02cf263d96667caca3ca,conan-io/conan,1.0,2,"[1.0, 1.0]",1.0,1.0,0,False,False,False,Where is the code that adds entries from the system library property of the build information object to the Libs line of the generated pkg-config file located?
15,import-7b5af2c59e7c62c1afe6e116,scikit-learn/scikit-learn,1.0,2,"[1.0, 1.0]",1.0,1.0,0,True,False,False,Where in the CountVectorizer class initialization is the token_pattern parameter processed and how does its assignment relate to the subsequent tokenizer parameter validation logic?
16,import-d1ac8a8041fcf21ed9326cc4,matplotlib/matplotlib,1.0,2,"[1.0, 1.0]",1.0,1.0,1,False,False,False,Why would using a singleton pattern versus repeatedly instantiating the _Unset class throughout matplotlib's codebase impact memory overhead in scenarios with thousands of default parameter checks?
17,import-887e0169f5cf34c4373be9f5,sqlfluff/sqlfluff,1.0,2,"[1.0, 1.0]",1.0,1.0,1,False,False,False,Where in the Hive dialect function parsing class do grammar rules prevent ambiguity between the row keyword used as a function name versus type constructor?
18,import-6eb252a9807d12bd2e517e08,pytest-dev/pytest,1.0,2,"[1.0, 1.0]",1.0,1.0,1,False,False,False,Where does the data flow from `_early_rewrite_bailout` through `_basenames_to_check_rewrite` state mutation determine whether `find_spec` will invoke expensive filesystem operations?
19,import-32b13dca143dd8ff9e079b9f,psf/requests,1.0,2,"[1.0, 1.0]",1.0,1.0,2,False,False,False,Where in the morsel_to_cookie function implementation are the conditional branches that determine whether to parse the expires field as a timestamp string versus handling it as None or raising a TypeError?
20,import-71d4d03cae99337aaa2ec333,pallets/flask,1.0,2,"[1.0, 1.0]",1.0,1.0,2,False,False,False,"Where does the control flow in the CLI group class's command retrieval method determine whether to return a directly registered command, an entry point loaded command, or an application CLI group command?"
21,import-c4177c340bb4233a26ddafd9,pytest-dev/pytest,1.0,2,"[1.0, 1.0]",1.0,1.0,0,False,True,False,Where does the `_marked_for_rewrite_cache` dictionary control the data flow through `_is_marked_for_rewrite` to prevent redundant module rewrite decisions across multiple import attempts?
22,import-9f57a9f5e2784a78f4971602,sympy/sympy,1.0,2,"[1.0, 1.0]",1.0,1.0,2,False,True,False,Why does the abstract base class for N-dimensional arrays delegate object creation to the immutable dense storage implementation instead of providing its own initialization?
23,import-bd12b4bba6477ccf397da3df,matplotlib/matplotlib,1.0,2,"[1.0, 1.0]",1.0,1.0,0,False,True,False,Where is the NonAffineForTest class defined that is instantiated in the setup_method of TestBasicTransform?
24,import-a4f671a8d170db8bd6760b6e,matplotlib/matplotlib,1.0,2,"[1.0, 1.0]",1.0,1.0,2,False,True,False,"Why does the ParserState class use a property decorator for the font attribute instead of direct attribute access, and how does this design choice enable the coupling between font and font_class state management?"
25,import-e7241e0671b61cec057fda60,pallets/flask,1.0,2,"[1.0, 1.0]",1.0,1.0,0,False,True,False,What is the relationship between the ASCII-only encoding control parameter in the framework's JSON serialization provider and Unicode character representation in serialized output?
26,import-1ac88ef029f81440cbfd6431,scikit-learn/scikit-learn,1.0,2,"[1.0, 1.0]",1.0,1.0,1,False,True,False,"How does the shrink_threshold parameter implementation in the fit method employ soft thresholding to achieve feature selection, and what data consistency guarantees must be maintained between the deviations_ and centroids_ attributes during this transformation?"
27,import-12be21213c5b31a2eb1ef45d,matplotlib/matplotlib,1.0,2,"[1.0, 1.0]",1.0,1.0,0,False,True,False,How should the `contains` method in `OffsetBox` be refactored to decouple the canvas validation logic from the child delegation logic while maintaining testability of each responsibility?
28,import-72aff38709772db5f23e0772,astropy/astropy,1.0,2,"[1.0, 1.0]",1.0,1.0,1,False,True,False,Where in the control flow of the Simple Imaging Polynomial distortion correction method does the transformation of input coordinates pass through intermediate shifted values before polynomial distortion application?
29,import-1eb027be8692915d88e257d6,sympy/sympy,1.0,2,"[1.0, 1.0]",1.0,1.0,1,False,True,False,"Where does the Kane's method class conditionally create a secondary instance when auxiliary speeds are present, transferring the coordinate-to-speed mapping from the original instance?"
30,import-fb251bfe1f21351861faed14,pallets/flask,1.0,2,"[1.0, 1.0]",1.0,1.0,0,False,True,False,Why does the CLI helper class that manages Flask application loading provide both a direct callable factory parameter and an import path parameter as alternative instantiation mechanisms?
31,import-9701f44e1692a89b3ac45607,psf/requests,1.0,2,"[1.0, 1.0]",1.0,1.0,0,False,True,False,Where does the control flow in TestIsValidCIDR.test_invalid branch based on the parametrized value parameter to determine which validation path is executed within the is_valid_cidr function call?
32,import-9bf889d14b884ea533ee5165,getsentry/responses,1.0,2,"[1.0, 1.0]",1.0,1.0,0,True,True,False,Where is the header merging logic implemented that causes content-type conflicts when both `content_type` parameter and `Content-Type` header are specified in Response creation?
33,import-db89c718c8f990426951c536,omni-us/jsonargparse,1.0,2,"[1.0, 1.0]",1.0,1.0,0,False,True,False,"What is the inheritance hierarchy used by jsonargparse's parameter resolution system to handle different dataclass-like types (standard dataclasses, Pydantic models, and attrs classes)?"
34,import-e646d396b85d04eb0e74f247,hgrecco/pint,1.0,2,"[1.0, 1.0]",1.0,1.0,0,False,True,False,Why is Pint's unit registry implemented as a hierarchical architecture with five specialized registry classes instead of a single monolithic registry?
35,import-54cbdca6f0d633f7c6542dfa,pytest-dev/pytest,1.0,2,"[1.0, 1.0]",1.0,1.0,1,False,True,False,How does the RunAndParse class decouple the concerns of test execution orchestration from XML schema validation and document parsing to maintain separation of responsibilities?
36,import-305c458fcdca03858feccc88,mkdocs/mkdocs,1.0,2,"[1.0, 1.0]",1.0,1.0,0,False,True,False,Why does MkDocs navigation system fail to scale efficiently when rendering deep hierarchical site structures with many nested sections?
37,import-9a5a10dd72fcb2146da22387,django/django,0.9375,2,"[1.0, 0.875]",0.9375,0.9375,0,False,True,False,"How does the Migration class resolve and validate the dependency chain specified in the dependencies attribute before executing operations, and what mechanisms ensure that dependent migrations are processed in the correct topological order?"
38,import-f0b02694091900c5a86c7d2d,scikit-learn/scikit-learn,0.8333333333333334,2,"[0.8333333333333334, 0.8333333333333334]",0.8333333333333334,0.8333333333333335,0,False,True,False,How does AdditiveChi2Sampler's design decouple the mathematical transformation logic from input validation and sparse/dense matrix handling to maintain separation of concerns?
39,import-4763ded2aee9e35bc66c4499,qiboteam/qibo,0.75,2,"[1.0, 0.5]",0.75,0.75,0,False,True,True,Why does qibo's distributed quantum circuit execution system partition gates into device-specific queues and coordinate global qubit swapping across multiple accelerators?
40,import-535d769c328871b186aff333,django/django,0.75,2,"[1.0, 0.5]",0.75,0.75,0,False,True,True,"Where does the conditional invocation of `queryset.all()` versus `self.model._default_manager.all()` in `get_queryset` occur and how does it affect the subsequent ordering logic, and what are the implications for QuerySet-specific behavior when neither path is taken?"
41,import-b2f9efff3579ee2b64061a4e,numba/numba,0.6666666666666666,2,"[0.6666666666666666, 0.6666666666666666]",0.6666666666666666,0.6666666666666665,0,False,True,True,What inheritance relationships exist between LiteralStrKeyDict and other container types in Numba's type system hierarchy?
42,import-528b2c0d9016f69a22fea98e,psf/requests,0.6,2,"[0.6, 0.6]",0.6,0.6000000000000001,0,False,True,True,Where in the codebase is the TooManyRedirects exception raised and what is the call chain that leads to its instantiation from the redirect handling logic?
43,import-a7acedd96acb00285642ade2,sympy/sympy,0.5,2,"[0.5, 0.5]",0.5,0.5,0,False,True,True,How does the base wrapper class in the autowrap module propagate compilation failure exceptions through its code generation and compilation pipeline when external tools fail?
44,import-8067202b59802400f5895cb1,fitbenchmarking/fitbenchmarking,0.5,2,"[0.5, 0.5]",0.5,0.5,0,True,True,True,Where is the table column toggling functionality implemented for dynamically showing/hiding minimizer columns in the results tables?
45,import-ca382d379125c18ac1a07a83,pytest-dev/pytest,0.5,2,"[1.0, 0.0]",0.5,0.5,0,True,True,True,"What is the failure mechanism when the parametrize method's validation of indirect parameter names detects that an indirect parameter references a non-existent function argument, and how does this depend on the function signature?"
46,import-e6ef956ec154045a5be5d414,reflex-dev/reflex,0.5,2,"[0.5, 0.5]",0.5,0.5,0,False,True,True,Why does the rendering function that converts iterable components into JavaScript map expressions translate component iterables into the generated JavaScript map expression within Reflex's rendering pipeline?
47,import-25b89b4f74cf6e1716e28100,streamlink/streamlink,0.5,2,"[1.0, 0]",0.5,0.5,0,False,True,True,What specific data dependencies must the drag-and-drop data structure resolve to properly instantiate the intercepted drag operation event when the method that enables drag interception is enabled?
48,import-fbdfb244b7d6e7078b752398,pallets/flask,0.5,2,"[1.0, 0.0]",0.5,0.5,0,True,True,True,Why does the test that checks handler behavior when a stream handler exists on the root logger verify that the application logger's handlers list is empty after adding a stream handler to the root logger?
49,import-244ef0a7321a3adb8ec9ee4d,sympy/sympy,0.5,2,"[1.0, 0.0]",0.5,0.5,1,False,True,True,How does the CSE argument tracking class maintain consistency between its sequential value-number-to-value list mapping and sorted ordering semantics required by the value-ordered argument retrieval method?
50,import-bd53ab03b249b3dc193a655d,astropy/astropy,0.5,2,"[1.0, 0.0]",0.5,0.5,1,False,True,True,How does clearing the cache property in the output subformat setter propagate through the base time class hierarchy via the instance tracking dictionary to invalidate cached format and scale conversions?
51,import-35a8723fccd9ec1b3bd9ca75,streamlink/streamlink,0.5,2,"[0.0, 1.0]",0.5,0.5,1,False,True,True,Where is the implementation that handles the inheritance and merging of initialization parameters between parent and child plugin classes located in the plugin architecture?
52,import-2c352d705596bb466a06fa25,conan-io/conan,0.5,2,"[0.0, 1.0]",0.5,0.5,0,False,True,True,How can a revision tracking data structure that maintains a chronological list of version identifiers with timestamps be redesigned to provide thread-safe revision updates with atomic persistence across distributed server instances?
53,import-3a81650143eee2434dd3a1c1,scikit-learn/scikit-learn,0.5,2,"[1.0, 0.0]",0.5,0.5,0,False,True,True,"Where does the control flow in test_affinities determine which affinity computation pathway is executed based on the kernel type, and what data transformations occur at each decision point before labels are generated?"
54,import-99763edafd9e0fa7471f6ea5,django/django,0.5,2,"[0.0, 1.0]",0.5,0.5,0,False,True,True,"Why does OperationCategory inherit from both str and enum.Enum rather than just enum.Enum, and how does this dual inheritance design choice impact the categorization and processing of database migration operations throughout the Django migration framework?"
55,import-ec635a41904c3ccb55b80735,bridgecrewio/checkov,0.5,2,"[0, 1.0]",0.5,0.5,0,True,True,True,Where is the guideline URL assignment logic implemented for security check results in the Checkov output system?
56,import-9727687cbe94d470df0524fb,hylang/hy,0.5,2,"[1.0, 0.0]",0.5,0.5,0,False,True,True,Where are the hidden module identifiers defined that control which internal frames get filtered from Hy exception tracebacks?
57,import-b901a330fedf8ee104c2dfc0,sphinx-doc/sphinx,0.5,2,"[0.5, 0.5]",0.5,0.5,0,False,True,True,How does Sphinx's parallel build system handle exception propagation from worker processes back to the main process while preserving meaningful traceback information?
58,import-61119dd3437675675599db61,django/django,0.5,2,"[0.5, 0.5]",0.5,0.5,0,False,True,True,What implicit dependencies exist between the assertLoginRedirectURLEqual helper method and the self.login() method inherited from AuthViewsTestCase regarding session middleware and CSRF token handling?
59,import-0fefd75f2ce0dc24c243e662,sqlfluff/sqlfluff,0.5,2,"[1.0, 0.0]",0.5,0.5,0,False,True,True,What architectural mechanism in the main linting class decouples SQL dialect-specific grammar definitions from the rule-based validation process?
60,import-83c7982eff348d996687a28c,geopandas/geopandas,0.5,2,"[0.0, 1.0]",0.5,0.5,1,False,True,True,How does geopandas implement HTTP range request detection and fallback logic for remote geospatial data sources in its file I/O system?
61,import-9b52f40cc49ee6339179e81f,conan-io/conan,0.5,2,"[1.0, 0]",0.5,0.5,1,False,True,True,Where is the HTTP request handling loop started in the server when the server initialization and startup component is launched?
62,import-721ac1a2f9bb10c32d99fb87,sphinx-doc/sphinx,0.5,2,"[1.0, 0]",0.5,0.5,0,False,True,True,Why does the Python domain's object resolution method reconcile the tension between fully-qualified and unqualified references while maintaining predictable resolution order?
63,import-7a8e5fce8ed60429423f422d,django/django,0.3125,2,"[0.5, 0.125]",0.3125,0.3125,0,False,True,True,"Why does the run_validators() method's exception handling pattern with hasattr() checks and error list concatenation impact performance under high validation load, and what refactoring would improve throughput?"
64,import-9d6847f23a7ae3108a173ffa,reflex-dev/reflex,0.25,2,"[0, 0.5]",0.25,0.25,0,False,True,True,What modules or components in the compiler rely on the string output of the function that generates the document root component source code?
65,import-174a1eb30f948a89680d398a,reflex-dev/reflex,0.25,2,"[0.5, 0]",0.25,0.25,0,False,True,True,Where in the codebase is the function that prepares and packages the application for deployment invoked during the deployment process?
66,import-871c8cadb652aef41ef2c0c8,pennylaneai/pennylane,0.125,2,"[0.25, 0.0]",0.125,0.125,0,False,True,False,Where does the gradient method selection logic dispatch control flow to different differentiation implementations when computing gradients for quantum circuits with mixed parameter types?
67,import-13e632d561c0b1740b2074fa,scikit-learn/scikit-learn,0.10714285714285714,2,"[0.07142857142857142, 0.14285714285714285]",0.10714285714285714,0.1071428571428572,0,False,True,False,Why does the Pipeline class explicitly reject the sample_weight parameter during fit when the underlying estimator does not declare support for it through metadata routing?
68,import-0bdb889ba31573bf3694ddf2,pylint-dev/pylint,0.0,2,"[0, 0.0]",0.0,0.0,0,False,True,False,Why does the assignment name processing method defer frame node visitation until the local variable type attribute is accessed rather than visiting frames upfront?
69,import-d1dc1726ea56efce92d14096,pylint-dev/pylint,0.0,2,"[0, 0.0]",0.0,0.0,0,False,True,False,What determines whether the function call assignment validator or the dunder name string validator executes first in the type checker's assignment processing method?
70,import-08a3d3a9ac5c0d79f7e14bc2,sphinx-doc/sphinx,0.0,2,"[0.0, 0]",0.0,0.0,0,False,True,False,What implicit contract does the empty test class with no methods or attributes establish for the automatic documentation generation system that processes Python objects and creates summary tables?
71,import-ad62e8857aa4109c3291b81e,yt-dlp/yt-dlp,0.0,2,"[0, 0]",0.0,0.0,0,False,True,False,"How does yt-dlp implement its multi-criteria format selection algorithm to automatically rank and prioritize media formats based on quality, codec preference, and user requirements?"
72,import-39feeb31b2d0a61411fad808,docker/docker-py,0.0,2,"[0.0, 0.0]",0.0,0.0,0,False,True,False,Why does the SSH transport adapter use a significantly smaller default connection pool size (9) compared to other transport adapters (25) in docker-py's client architecture?
73,import-919b8d05641cef0ae17e04c2,conan-io/conan,0.0,2,"[0, 0.0]",0.0,0.0,0,False,True,False,Where in the test class that verifies default compatibility fallback behavior is the logic that triggers the compatibility fallback mechanism for C++ standard version settings?
74,import-b04ae6e1b695f33eeae9e5d2,sanic-org/sanic,0.0,2,"[0.0, 0.0]",0.0,0.0,0,False,True,False,Why does Sanic's WorkerManager experience race conditions during worker restart operations that can result in processes becoming stuck in non-idle states and failing to respawn?
75,import-8fe9c930cb14735ab568ea01,streamlink/streamlink,0.0,2,"[0.0, 0.0]",0.0,0.0,0,False,True,False,Where in the test class for file input/output operations is the logic implemented that determines the modification tracking indicator state after loading cached data?
76,import-b8b2ff405066d0b29d909b7d,pylint-dev/pylint,0.0,2,"[0.0, 0.0]",0.0,0.0,1,False,True,False,Why does the property method that provides controlled access to a private attribute serve as a controlled accessor in the encapsulation pattern demonstrated by the test class?
77,import-594d5d344449d8e5af47093d,streamlink/streamlink,0.0,2,"[0.0, 0.0]",0.0,0.0,0,False,True,False,Why might specific performance bottlenecks arise from the stream multiplexer instantiation pattern when handling multiple concurrent adaptive streaming protocol streams with mixed video and audio representations?
78,import-dd1545c728658d014af9ceeb,reflex-dev/reflex,0.0,2,"[0, 0.0]",0.0,0.0,0,False,True,False,How can the collapsible content panel component be redesigned to support runtime theming changes without breaking its memoization strategy or exposing internal style props?
79,import-8c644074cd4e2351d243b4a1,stfc/psyclone,0.0,2,"[0, 0.0]",0.0,0.0,0,False,False,False,Why does PSyclone's dependency analysis system create performance bottlenecks when analyzing deeply nested loop structures for parallelization transformations in large scientific kernels?
80,import-7bf646ef24fe854870baa488,pylint-dev/pylint,0.0,2,"[0.0, 0.0]",0.0,0.0,0,False,False,False,Why does the NamedTuple test class in the PEP 604 alternative union syntax test module use pipe operator syntax instead of typing.Union?
81,import-3e1b56e3c137076cff642f1b,astropy/astropy,0.0,2,"[0.0, 0.0]",0.0,0.0,0,False,False,False,What architectural design does the template-style string interpolation class employ to separate identifying template variables from retrieving values from configuration sections?
82,import-e00e627ca510b66a673a2f40,pytest-dev/pytest,0.0,2,"[0.0, 0.0]",0.0,0.0,0,False,False,False,"How does pytest's indirect parametrization mechanism resolve non-hashable dictionary items through fixture request parameters, and what internal transformations occur when parametrize decorators process mutable objects that cannot be used as cache keys?"
83,import-4ea75585a10684810083d7e8,sqlfluff/sqlfluff,0.0,2,"[0, 0.0]",0.0,0.0,0,False,False,False,What is the sequence of state mutations in the private method that computes additional allowed characters with dialect-specific adjustments for the identifier special characters validation rule?
84,import-d27197a76126b6144cd7e98b,astropy/astropy,0.0,2,"[0.0, 0.0]",0.0,0.0,0,False,False,False,"What attributes must be implemented by the object type tested in the test class that verifies compatibility with numpy's shape, size, and dimensionality inspection functions to satisfy the dependencies of those functions?"
85,import-7981c7968d61b06d4ea8b4d7,streamlink/streamlink,0.0,2,"[0.0, 0.0]",0.0,0.0,0,False,False,False,Where in the codebase does the initialization of a base class for parsing elements containing multiple segment definitions' timing attribute depend on the presence of a timing child element or a default value from a parent context?
86,import-457f179a5395923cee9d4c2e,conan-io/conan,0.0,2,"[0, 0]",0.0,0.0,0,False,False,False,What determines the inclusion of package metadata files in the collection of files prepared for upload within the function that collects metadata files for upload operations?
87,import-d7b7d55534fc6cd8353bdb09,scikit-learn/scikit-learn,0.0,2,"[0.0, 0.0]",0.0,0.0,0,True,False,False,How does the convergence detection mechanism in the `fit` method handle the trade-off between numerical precision and computational efficiency when comparing label distribution changes across iterations?
88,import-c5e2cc48bbbcf9c875660c28,mwaskom/seaborn,0.0,2,"[0, 0]",0.0,0.0,0,False,False,False,What are the statistical transformation classes that inherit from the Stat base class in seaborn's _stats module and their specialized computational responsibilities?
89,import-53601a04918107064022733c,sqlfluff/sqlfluff,0.0,2,"[0.0, 0.0]",0.0,0.0,0,False,False,False,How does the BaseSegment caching algorithm manage cache invalidation and property recalculation when segments are mutated during SQL parsing and linting operations?
90,import-d587da4ba7f1c7fe6c32c45e,reflex-dev/reflex,0.0,2,"[0.0, 0.0]",0.0,0.0,0,False,False,False,Where is the function that parses argument specifications called to build the argument list for an event handler in the codebase?
91,import-81bc9bf81eab283b29478b41,sphinx-doc/sphinx,0.0,2,"[0, 0.0]",0.0,0.0,0,False,False,False,What is the integration mechanism between the macro declaration node class and the abstract syntax tree hierarchy that maintains consistency between identifier resolution via the versioned identifier method and symbol table management in the C domain?
92,import-d8e02a75060e81cf7fc2779f,astropy/astropy,0.0,2,"[0.0, 0.0]",0.0,0.0,0,False,False,False,Why does the serialization state preparation method use the mixin-safe copying function conditionally only for columns that are not instances of the base column class?
93,import-50b0c05327e35b47aff71d85,conan-io/conan,0.0,2,"[0.0, 0.0]",0.0,0.0,0,True,False,False,What is the effect of the transitive component requirements specified in the test that verifies transitive component dependency resolution on the imported CMake targets for the component target that the application links against during the final app build?
94,import-b47190d3a7f08a607a84569b,sqlfluff/sqlfluff,0.0,2,"[0, 0]",0.0,0.0,0,False,False,False,Why does the early exit check using the cached subtree type set intersection prevent performance degradation in the recursive segment search method when traversing deeply nested trees with irrelevant branches?
95,import-d0667fffa39311344a8c48a0,sqlfluff/sqlfluff,0.0,2,"[0.0, 0.0]",0.0,0.0,1,False,False,False,Where in the sequence matching method are optional clause references checked when evaluating the match grammar attribute of the CREATE TABLE statement segment class?
96,import-c59dfd91bb122c33e16f882c,astropy/astropy,0.0,2,"[0.0, 0]",0.0,0.0,0,False,False,False,Why does the test mixin class for verifying cosmology read/write operations through HTML table format exist to ensure the integrity of converting cosmology instances to HTML tables when default values defined in cosmology class parameters must compensate for columns absent from the HTML table during reading?
97,import-e52e08202655091cb46d684b,pylint-dev/pylint,0.0,2,"[0.0, 0.0]",0.0,0.0,0,False,False,False,What architectural decision in the while-loop refactoring checker requires a control flow tracking flag when traversing nested if-else chains to identify break statements and prevent false positives?
98,import-aeb7dd01a07689a657eedb9c,sphinx-doc/sphinx,0.0,2,"[0, 0]",0.0,0.0,0,False,False,False,How does the identifier caching dictionary in the EPUB builder's generation method interact with environment pickling to ensure consistent identifier assignment across build runs while maintaining thread safety?
,import-7318b2894e8550d08fc091e1,sphinx-doc/sphinx,,1,"[0.0, null]",0.0,0.5,0,False,False,False,Where are the conditional branches that determine whether the pointer suffix identifier generation method in the parenthesized declarator node class of the C++ domain applies version-specific transformations?
,import-dd8293e32bae2047df308e4d,sympy/sympy,,1,"[null, 0]",0.0,0.5,0,False,False,False,Where does the data flow from the deprecated matrix entry method through the matrix determinant class method to the determinant computation module?
