attempted_batches,optimizer_step,mean_reward,reward_ema,eligible_mean_reward,scoring_coverage,excluded_groups,zero_variance_groups,contributing_trajectories
1,0,0.6875,0.6875,0.6875,1.0,0,1,4
2,1,0.0,0.48124999999999996,0.0,1.0,0,2,0
3,1,0.0,0.3368749999999999,0.0,1.0,0,2,0
4,1,0.1875,0.2920624999999999,0.1875,1.0,0,1,4
5,2,0.5,0.35444374999999995,0.5,1.0,0,2,0
6,2,0.4375,0.37936062499999995,0.4375,1.0,0,1,4
7,3,0.5,0.4155524374999999,0.5,1.0,0,0,8
8,4,0.0,0.2908867062499999,0.0,1.0,0,2,0
9,4,0.28125,0.2879956943749999,0.28125,1.0,0,0,8
10,5,0.17708333333333331,0.2547219860624999,0.17708333333333331,1.0,0,0,8
11,6,0.09375,0.20643039024374993,0.09375,1.0,0,1,4
12,7,0.09375,0.17262627317062496,0.09375,1.0,0,1,4
13,8,0.125,0.15833839121943746,0.125,1.0,0,1,4
14,9,0.09375,0.1389618738536062,0.09375,1.0,0,0,8
15,10,0.21875,0.16289831169752433,0.21875,1.0,0,1,4
16,11,0.0,0.11402881818826703,0.0,1.0,0,2,0
