cohort,task_id,episode_id,family_id,status,reward,termination
Selection,import-60456a08ebdf9cc210dd4eb3,ep-6acd4b6ae1ef45178887232fdc7ff29c,cekit/cekit,resolved,1.0,completed
Selection,import-dd6ba2db772f5d50e095202f,ep-8110fc1537e34be1970fa7d8d6e5bbed,cekit/cekit,resolved,0.0,completed
Selection,import-3d933c0b7aa19317881b8fc2,ep-a9df1d0ef5ae41eb85f642f6e97d48e0,cekit/cekit,resolved,0,budget_exhausted
Selection,import-ce28a9cd8598c38c913483a8,ep-f873433c3e5c4d27a88125bc98230bba,dwavesystems/dwave-cloud-client,unresolved,,completed
Selection,import-a1eed3ff9ae87b27f4714f00,ep-ece5f52b3f36419283c9d71dac9185bc,dwavesystems/dwave-cloud-client,resolved,0.0,completed
Selection,import-e674f5f0973ad2a1fb4bafd1,ep-8bfd624163a14b379e62d152c50db3b2,dwavesystems/dwave-cloud-client,resolved,0.0,completed
Selection,import-228dfe7017bcbef5e6cfbe5f,ep-66a29c465ae94bec81d77315b2c1c454,ethereum/web3.py,resolved,0,completed
Selection,import-8fc8904e927b10aae810619e,ep-0c960096282e4af3a68bde451a0f07d5,ethereum/web3.py,resolved,0.0,completed
Selection,import-fef702f182535e534533bdc0,ep-201388fc19cb4702a6c95da1670ee95f,frictionlessdata/frictionless-py,resolved,0.0,completed
Selection,import-5b0c17ce8a5a26e00af2fb2a,ep-d7c3cdcfb47d4f22b73ab1bf3b8f8e95,frictionlessdata/frictionless-py,resolved,0.0,completed
Selection,import-6bd8c5df2aa4e92796beba9d,ep-3d188e03ae2949689e98ecb2738219bb,frictionlessdata/frictionless-py,resolved,0.0,completed
Selection,import-83110e323c2efed311cc105b,ep-96db7c335b404e05a06157d6dd07a14c,microsoft/pybryt,resolved,0.0,completed
Selection,import-db220c52daf5914fdb8abda0,ep-e5cb7f45999b44f883e1a195dd965933,microsoft/pybryt,resolved,0.0,completed
Selection,import-b19e6dd8d190c5f455e0e65a,ep-0a4d0613c9884ced9c33ab06e8fab522,microsoft/pybryt,resolved,0.0,completed
Selection,import-17422b22d16d64b11ac50cbc,ep-68294640db9f4f61b1dd17f9f27a0a01,pydata/xarray,resolved,1.0,completed
Selection,import-b3a3034800814aaddeb67f0d,ep-6972554061714d1790b96323cccc6ab5,pydata/xarray,resolved,0.0,completed
Selection,import-c6fc34340a25ce91bf221303,ep-a5d5b26c9e0f41038e772f592b93f91b,pydata/xarray,resolved,1.0,completed
Selection,import-2cd473d74c28806e0acfd8bf,ep-1cfff4a037644fec83aec1872759ff6e,pydata/xarray,resolved,0.0,completed
Selection,import-2f62436038689e7a08ed6f40,ep-03c4c710cc354f52a6d29e0b76582214,pydata/xarray,resolved,0.0,completed
Selection,import-74bda56d926ef4560e3b4c41,ep-297219ea3a8b4523a80d0d6e8396221d,pydata/xarray,resolved,1.0,completed
Selection,import-ab4db8ead9fe0ddfcfa7d333,ep-6bc741275572416398501723820ff53f,pydata/xarray,resolved,0.0,completed
Selection,import-19e9bb1ce7326cfc87908604,ep-9e3faa544eb04ffd9b5492a393bf0297,pydata/xarray,resolved,0,budget_exhausted
Selection,import-d01d46e4f2332bcc9798eca3,ep-b8465c3adae64b69831b5c3e39993d62,pydata/xarray,unresolved,,completed
Selection,import-39d95e9396abbd507c034b6a,ep-809082d040074d2d90cfc83e2b6844b8,pydata/xarray,unresolved,,completed
Selection,import-63788ad64cc80e41936988fb,ep-7861b7fcc35a415c8cdd949551f5a390,pydata/xarray,resolved,0.0,completed
Selection,import-feae8fe95a709a3c63709502,ep-b14cba7afe0a455fb092c3eb94082925,pydata/xarray,resolved,0,completed
Selection,import-1286486da6b74ddb5248c1bc,ep-7ab096fe9d5a4d609b4c139f843d4305,pydata/xarray,resolved,0.0,completed
Selection,import-188040463405615ffa93ff21,ep-b3f77bb84d8d4bd6ab0d221a9eaa5268,pydata/xarray,resolved,0.0,completed
Selection,import-c0308d6990a7fa700b7354ab,ep-f11f7b8e379d426e864d94c6c96c6d49,pydata/xarray,unresolved,,completed
Selection,import-6688bc78875d18bf296dffb7,ep-99cfc59ce82d471cadde77b602a908dd,pydata/xarray,resolved,0.0,completed
Selection,import-300de5be57b63f9b6b072a9a,ep-d5e5cdfb0b53484fbebbfa08d4fe36e7,tox-dev/tox,resolved,0.0,completed
Selection,import-9dd0fade4b6a864a514a1e7d,ep-f56a81bb739248a7a27d4ac2e6473cbb,tox-dev/tox,resolved,0.0,completed
Confirmation,import-d0da0df04b1ebb1d41f6464f,ep-75a1d958df624e0b937b6434f01bde39,cekit/cekit,resolved,0,completed
Confirmation,import-88c850cee4fae8ee2688805c,ep-5ad878bf097945679178d50c21a63991,cekit/cekit,resolved,0.0,completed
Confirmation,import-a272146f2dee703eb410045b,ep-c75c90b791a041469e58d0567343dd69,cekit/cekit,resolved,0.0,completed
Confirmation,import-b8bd4cfe9d85ec4625d95d88,ep-4f8082dfb9b748cb84c22145500d1108,cekit/cekit,resolved,0.0,completed
Confirmation,import-6e943669aae98abc2b848e34,ep-6985944616914000a3c175cdc3eb29bb,cekit/cekit,resolved,0,budget_exhausted
Confirmation,import-5031b2b7d6c927758f9a940d,ep-9d19e06ac9e5440290368108712b6430,cekit/cekit,resolved,0.0,completed
Confirmation,import-50539ece6dccdfccc93ef5ff,ep-8271e423a07149f89dca9f076c18d0de,cekit/cekit,resolved,1.0,completed
Confirmation,import-2bbb422f934a8f7f9d482013,ep-01a83e3eb02b4c92920778179762a8b1,dwavesystems/dwave-cloud-client,resolved,0,budget_exhausted
Confirmation,import-868376bc591f2713af89da07,ep-e4f137f8e3564459bf5415b022df623f,dwavesystems/dwave-cloud-client,resolved,0.0,completed
Confirmation,import-c6fc3d320b32817af4deef74,ep-ee348b04057c4e5fabf3892486e2a6cd,dwavesystems/dwave-cloud-client,unresolved,,completed
Confirmation,import-9cb0681e71852f70241c9c8e,ep-4858b040d669459e90df79312fc5d6ed,dwavesystems/dwave-cloud-client,resolved,0.0,completed
Confirmation,import-1bb79aa402423c16dff40dee,ep-3595b8fcfbf54d85b85fea21385f9f7a,dwavesystems/dwave-cloud-client,resolved,0.0,completed
Confirmation,import-6d87cb2e6c40fcbacb1155f7,ep-50ceab1c8f864f54aed63d52834db6db,dwavesystems/dwave-cloud-client,resolved,0.0,completed
Confirmation,import-4ac69db60f10c68bfb203dce,ep-e10bb25fe44f4949baf00ea754b94c73,dwavesystems/dwave-cloud-client,resolved,0.0,completed
Confirmation,import-02c6c5cc4b784ea0532e687c,ep-0d21d1a44648417fbf87d191f1a11c80,ethereum/web3.py,resolved,1.0,completed
Confirmation,import-8af532747c865c94110a9943,ep-2735b3a7760a47998476f30b78e22bbb,ethereum/web3.py,resolved,0,completed
Confirmation,import-fe4ba61d4f9cc7a2482c7985,ep-d6089ef1bedf4442b46a443053ebcda8,ethereum/web3.py,resolved,0,completed
Confirmation,import-6e10c4f13afd089a82dd9b95,ep-e587dc30a47a4f9d96bd8a619c19aaaf,ethereum/web3.py,resolved,0.0,completed
Confirmation,import-086985ef9320324683f46757,ep-3242e344c7224c1e847c70e21c9741a9,ethereum/web3.py,unresolved,,completed
Confirmation,import-497e8b0fa73f92992db09da6,ep-ba8e058b5ed149a99b44704d86a9832d,ethereum/web3.py,resolved,0,completed
Confirmation,import-bbb612bb21eac73528cb7405,ep-41da2a502e834052980fe1064517f57b,ethereum/web3.py,resolved,0.0,completed
Confirmation,import-3f39a121d8a28c54fca5d810,ep-18abbc2eb587446699e11f1a315ecaec,frictionlessdata/frictionless-py,resolved,0,budget_exhausted
Confirmation,import-8122e9cc13005428fee983ae,ep-d983c187d29c44a7a9add214edb5959c,frictionlessdata/frictionless-py,resolved,0.0,completed
Confirmation,import-36bb2877fb98daa82b44ec54,ep-5fe79759f1c244a9af72eeebc50c01ba,frictionlessdata/frictionless-py,resolved,0.0,completed
Confirmation,import-ce9a3dffc995b4c4d86e64a1,ep-d394a8effee04cbe8a404322ac604ddd,frictionlessdata/frictionless-py,resolved,0.0,completed
Confirmation,import-a5b0f4e248d63786cb1a7903,ep-2c5556c55f7d44858cf9780ce87c7a90,frictionlessdata/frictionless-py,unresolved,,completed
Confirmation,import-aec47254c7b579244c2b0385,ep-3370554ad4ad4195bcfde908c0486bc7,frictionlessdata/frictionless-py,resolved,0,completed
Confirmation,import-fa8b66a817f54491e959249c,ep-256be4993bd34042bd2fce55f874f477,frictionlessdata/frictionless-py,resolved,0.0,completed
Confirmation,import-2c86794d0260171bd2aeee8e,ep-b85f0086c64a4ce6b85874320ce56e32,microsoft/pybryt,resolved,0.0,completed
Confirmation,import-c1f636928cc169ea4d36c6d6,ep-8774fa18c9b94cda94d4d2a3adcfac33,microsoft/pybryt,resolved,1.0,completed
Confirmation,import-ef55d75e39a9a07a52dc1a39,ep-42ac0ab0261f4c9f875ecd2e431244fb,microsoft/pybryt,resolved,1.0,completed
Confirmation,import-8297bff783c0488a6594d31f,ep-c3469148f33b4270b3ac187db64eb16f,microsoft/pybryt,resolved,0.0,completed
Confirmation,import-78f981947157f3fc68935c03,ep-54e41b0665c84e3ba85e29cfd5ae870e,microsoft/pybryt,resolved,0.0,completed
Confirmation,import-76323dd02cea0964008b7263,ep-198a123aa71946b9bba4a0d97cfc1044,microsoft/pybryt,resolved,0.0,completed
Confirmation,import-b1a8fbb5372b5ed05356b362,ep-772ef0208ce54855b646b607bd4b7741,microsoft/pybryt,resolved,0.0,completed
Confirmation,import-b9e8d3e82a85ccda2bcc883d,ep-73c8d78d1ac2463c918cec5fef798e92,pydata/xarray,unresolved,,completed
Confirmation,import-5ed26c4b97f128fc7501d0a1,ep-64ab21975b5d4f6abcdefb014bb82cd4,pydata/xarray,resolved,0.0,completed
Confirmation,import-bc9cce2ef59eff88ac7f0dcc,ep-33c88eb4dfc34170a6a90b35d6230fe3,pydata/xarray,resolved,1.0,completed
Confirmation,import-3a37a88a0155ca4965fabbc6,ep-2d8411ea9ee546c086dfb8e95f91d42d,pydata/xarray,resolved,1.0,completed
Confirmation,import-19ae734d0dabcf8ee646e50a,ep-a95f2507e5f345d1aed1b11be9d50a74,pydata/xarray,resolved,0.0,completed
Confirmation,import-3d1f799050430b0e0b89003e,ep-aec736b5c3b145129d53c8bbd0f72618,pydata/xarray,unresolved,,completed
Confirmation,import-f0b50b66142ef996986fb51e,ep-d5a3bef4cd0a438494bfc6e456a3adb3,pydata/xarray,resolved,1.0,completed
Confirmation,import-f7452ed718749e6fc4879138,ep-6ce0400368954b29a0653932a373596f,pydata/xarray,resolved,1.0,completed
Confirmation,import-a625b2709474cc6ce0247883,ep-fc5dcf4c99dc424daa9d0bd03e956d1d,pydata/xarray,resolved,0.0,completed
Confirmation,import-fb337fd081738ae93191e803,ep-1fe8f7a7560e4e2fa3fd37b8f36788f2,pydata/xarray,resolved,0.0,completed
Confirmation,import-6070dbef5616f9b0e1b81356,ep-82f490725a9f4a969e7e4ad8b3debee9,pydata/xarray,resolved,0.0,completed
Confirmation,import-731c605f25721122eff417f6,ep-49cf8db611e04e698c5976b00ee9d407,pydata/xarray,resolved,1.0,completed
Confirmation,import-275369560076404671ccbe96,ep-1621513698034b96b4e960434870c8fe,pydata/xarray,resolved,0.0,completed
Confirmation,import-fb5d8902c0abb11efabfefc1,ep-97aca2f9e69349f0b8bb65d62c452c47,pydata/xarray,unresolved,,completed
Confirmation,import-ab6e4a25593aa93c9a2c8eff,ep-d3a335b6d8db418a8dabb9d9d3f0f4b1,pydata/xarray,resolved,0.0,completed
Confirmation,import-c8d206cee69f8681edf43924,ep-ab6805a21a084137a244c222f8b75533,pydata/xarray,resolved,0.0,completed
Confirmation,import-0605181b03a9578272c653c8,ep-7850e6fb5f994125b4b4cb5ac0fb66c7,pydata/xarray,resolved,0.0,completed
Confirmation,import-29f14948a0198770ace2e117,ep-a60e49042458466db80dac1490882c63,pydata/xarray,resolved,0,completed
Confirmation,import-268cc538309c6cacd996bb20,ep-0d8a87bea1f24243a60cd7874b8a195b,pydata/xarray,resolved,0.0,completed
Confirmation,import-0ccc017740cc72ba478d6212,ep-3d9e738dded9460eb3ec6d482b3e7245,pydata/xarray,unresolved,,completed
Confirmation,import-458ffd8ac8b79f910276065e,ep-a50fa71ed76540d6bf8d32da92aeae39,pydata/xarray,resolved,0.0,completed
Confirmation,import-e627815de22e00d6cb225346,ep-72bfd32738534e54ad4c3bd8980a04b7,pydata/xarray,resolved,0.0,completed
Confirmation,import-65a2fbcce26ca2301616d77b,ep-a0ab830e538b40aaafe31e208b897764,pydata/xarray,resolved,0.0,completed
Confirmation,import-cd122a483759090a50e0b275,ep-ef5e4695e0954c30a7c403bb3b127734,pydata/xarray,resolved,0.0,completed
Confirmation,import-0a6671e6d87753ef56b24bb4,ep-3f7f490d271341cfb163483c772cd73f,pydata/xarray,resolved,0,completed
Confirmation,import-83a042c74cb587a4ceb41a5c,ep-df50faac7daa4dddab513a9b3a2fbec1,pydata/xarray,resolved,0.0,completed
Confirmation,import-e17a060d3341b67f50564305,ep-8094c0e2b24146fda25f587c48e94b48,pydata/xarray,resolved,0.0,completed
Confirmation,import-aa0876fa2b0671d67b3e4510,ep-254587bfac1e4638a85f948930fa20e4,pydata/xarray,unresolved,,completed
Confirmation,import-de3813e3a8a9602039505665,ep-6909bfb9b70c4216bffc2741c059058c,pydata/xarray,resolved,0.0,completed
Confirmation,import-b576bfacdb0f93b25551bc54,ep-7509d4aad4384c5bb5b8a87d7d62d164,pydata/xarray,resolved,0,completed
Confirmation,import-db1cf0b778ee847c54934db3,ep-4ae143f435ab456bb3fd6feb5fda18d0,pydata/xarray,resolved,0.0,completed
Confirmation,import-45ebf2152f06a1fe17e788b5,ep-fc6228ea889b4aa584468595365714b8,pydata/xarray,unresolved,,completed
Confirmation,import-7848efdcebd046b062320a67,ep-89aaf4863fab4f0c83b323b019bf7fb1,pydata/xarray,resolved,0.0,completed
Confirmation,import-b8a9792985c01575ecd7878f,ep-d445f42f2bee42fa868f058f86f85795,pydata/xarray,resolved,0,budget_exhausted
Confirmation,import-38e5b69915296d87bcbe2319,ep-2973fb1e45eb4e68a2f0d5f36e3e8270,pydata/xarray,resolved,0.0,completed
Confirmation,import-6499bff264a4ce5471ce2427,ep-ec5b59776eb24ec193bc3868960c37a6,pydata/xarray,resolved,0.0,completed
Confirmation,import-05472f493dc811e6307cc99a,ep-888f7c5089044b3286ca53d36feda8ae,pydata/xarray,resolved,0.0,completed
Confirmation,import-4b27ea46cbf0143f17806877,ep-210eb04bddc54be4868c9726765ebd2e,pydata/xarray,resolved,1.0,completed
Confirmation,import-36260be563ab9a1bfac856a0,ep-5d38cceebe7947f1adff58597dbb78ff,pydata/xarray,resolved,0.0,completed
Confirmation,import-c7115cfa39690c4cd5f2c9f5,ep-9d474dc36ace4e4abfc1385da5aeb9c3,pydata/xarray,resolved,0.0,completed
Confirmation,import-b577be473bd59bd6f68b7117,ep-c6cb9f211a544f579deeb243783ce949,pydata/xarray,resolved,0.0,completed
Confirmation,import-2ec98971fdc7abbb9599adfc,ep-7d0a17eddb01424f93e2fdb4c3667cd4,pydata/xarray,resolved,0.0,completed
Confirmation,import-cb824cbec21aa8e57fa9980b,ep-287079fdd5dd4810a5590253e19411b2,tox-dev/tox,resolved,0.0,completed
Confirmation,import-ca933f96d2a6cecdca8f9d49,ep-a7805bca1c374d5ca6b22abbc6f20a67,tox-dev/tox,resolved,0,budget_exhausted
Confirmation,import-c48ad593468cbf9e28a2a2cb,ep-7e3c31886b2f415aa37de7535f336594,tox-dev/tox,resolved,0.0,completed
Confirmation,import-102926564e08a0459d95a35d,ep-89441f5960654969a229bae6a00a8f6a,tox-dev/tox,resolved,0.0,completed
Confirmation,import-96a7c2e8468752a573783483,ep-911c03bfc09f48ea9c59fca9244460e0,tox-dev/tox,resolved,0,budget_exhausted
Confirmation,import-1ed4e7efae97691d63213b2c,ep-dd991cd57c394576bf20aa14b42b1128,tox-dev/tox,resolved,1.0,completed
Confirmation,import-ce670626d5c661783db927f4,ep-f67238c39f044f85a3a1c42e93bcec04,tox-dev/tox,resolved,0.0,completed
Confirmation,import-8e518364bbd6f1e3d3114832,ep-944da644246e4223bf5fc4c1941cb4e0,tox-dev/tox,resolved,0.0,completed
Selection repeat,import-60456a08ebdf9cc210dd4eb3,ep-d84e836fa99a4ee38d11398cb2dd22ca,cekit/cekit,resolved,0.0,completed
Selection repeat,import-dd6ba2db772f5d50e095202f,ep-bf339b82f4d44ac2868919d5a7491405,cekit/cekit,resolved,0.0,completed
Selection repeat,import-3d933c0b7aa19317881b8fc2,ep-d541dd5074224923b81ce105fdf45feb,cekit/cekit,resolved,0,budget_exhausted
Selection repeat,import-ce28a9cd8598c38c913483a8,ep-872d63b0114b4cbfac8d78ca051ff3ea,dwavesystems/dwave-cloud-client,resolved,0.0,completed
Selection repeat,import-a1eed3ff9ae87b27f4714f00,ep-4a4a92a46291430d878737c6d469938a,dwavesystems/dwave-cloud-client,resolved,0.0,completed
Selection repeat,import-e674f5f0973ad2a1fb4bafd1,ep-067908b6ea5f45d3a70d34e533324105,dwavesystems/dwave-cloud-client,resolved,0.0,completed
Selection repeat,import-228dfe7017bcbef5e6cfbe5f,ep-955d475ca92e471caf14b9642af2dc10,ethereum/web3.py,resolved,0,completed
Selection repeat,import-8fc8904e927b10aae810619e,ep-c49166ae07ec4ac085f9af9c665c380b,ethereum/web3.py,unresolved,,completed
Selection repeat,import-fef702f182535e534533bdc0,ep-9cf266b908a343e48f6fdcab06300470,frictionlessdata/frictionless-py,resolved,0.0,completed
Selection repeat,import-5b0c17ce8a5a26e00af2fb2a,ep-cd49f678197a48eaa995961574c74b10,frictionlessdata/frictionless-py,resolved,0,completed
Selection repeat,import-6bd8c5df2aa4e92796beba9d,ep-680ffe1d78bf4d208f1776a56b2bbc2f,frictionlessdata/frictionless-py,resolved,0.0,completed
Selection repeat,import-83110e323c2efed311cc105b,ep-473f727af4784271aa884b4a7dbb8577,microsoft/pybryt,resolved,0.0,completed
Selection repeat,import-db220c52daf5914fdb8abda0,ep-b134cbc2dbf447fbbb408ff88b7fb28f,microsoft/pybryt,resolved,0.0,completed
Selection repeat,import-b19e6dd8d190c5f455e0e65a,ep-3662f5563e48453f9e0c8b78b34f22e3,microsoft/pybryt,resolved,0.0,completed
Selection repeat,import-17422b22d16d64b11ac50cbc,ep-3154095fc177429ea0d8c0603971e005,pydata/xarray,resolved,0.0,completed
Selection repeat,import-b3a3034800814aaddeb67f0d,ep-f7187927e10e460ab99f8e38ba4a6552,pydata/xarray,resolved,0.0,completed
Selection repeat,import-c6fc34340a25ce91bf221303,ep-debf403bbf20490f8bf05f27d04416a0,pydata/xarray,resolved,1.0,completed
Selection repeat,import-2cd473d74c28806e0acfd8bf,ep-578be522617f45df957105c1dbdc4683,pydata/xarray,resolved,0.0,completed
Selection repeat,import-2f62436038689e7a08ed6f40,ep-2a37b4cae16f49bab73de8c6b454f715,pydata/xarray,resolved,0.0,completed
Selection repeat,import-74bda56d926ef4560e3b4c41,ep-7749b326aa834610af2aace749975041,pydata/xarray,resolved,0.0,completed
Selection repeat,import-ab4db8ead9fe0ddfcfa7d333,ep-669721571caf4cf391232105908fbe96,pydata/xarray,resolved,0.0,completed
Selection repeat,import-19e9bb1ce7326cfc87908604,ep-39090c3d7031498f95e884ee8a4d6f5d,pydata/xarray,resolved,0,budget_exhausted
Selection repeat,import-d01d46e4f2332bcc9798eca3,ep-d72110c35be34166845fb936e74bce87,pydata/xarray,resolved,0.0,completed
Selection repeat,import-39d95e9396abbd507c034b6a,ep-a9877c56966c4790884b974ed825b4ac,pydata/xarray,resolved,0.0,completed
Selection repeat,import-63788ad64cc80e41936988fb,ep-e3a1dfb34f8b4fc89087f337b700a9f3,pydata/xarray,resolved,0.0,completed
Selection repeat,import-feae8fe95a709a3c63709502,ep-c99f1df7cee747778356528064b329fd,pydata/xarray,resolved,0,completed
Selection repeat,import-1286486da6b74ddb5248c1bc,ep-c6232390ff794a33ae895ab4f4da2385,pydata/xarray,resolved,1.0,completed
Selection repeat,import-188040463405615ffa93ff21,ep-4d0f65019dd94de3b97af5be531e62f9,pydata/xarray,resolved,0.0,completed
Selection repeat,import-c0308d6990a7fa700b7354ab,ep-24fdd111070f4bcc9eb525880078c02e,pydata/xarray,resolved,0.0,completed
Selection repeat,import-6688bc78875d18bf296dffb7,ep-b6626a6fd5824eeaa4f5be41d10707d5,pydata/xarray,resolved,0.0,completed
Selection repeat,import-300de5be57b63f9b6b072a9a,ep-afb4ccbd0a62490bbe6f23dfa56d80c6,tox-dev/tox,resolved,0,budget_exhausted
Selection repeat,import-9dd0fade4b6a864a514a1e7d,ep-da084eef3a0f4a819b5da370a73166ab,tox-dev/tox,resolved,0.0,completed
