arm,optimizer_updates,evaluation,avg_output_tokens,output_token_reduction_pct,avg_input_tokens,input_token_reduction_pct,avg_model_action_seconds,model_action_time_reduction_pct,avg_end_to_end_seconds,accepted,assigned,resolved,completion_rate,infrastructure_errors
efficiency,0,initial,242.65625,0.0,11571.96875,0.0,10.146952949062506,0.0,23.4147420225,7,32,30,0.96875,0
efficiency,4,intermediate,242.3125,0.14166130070830651,11466.875,0.9081751970683467,8.883223033562473,12.45427983990791,20.569483032281255,8,32,29,0.96875,0
efficiency,8,intermediate,241.34375,0.5408886027044431,11458.59375,0.9797382143811959,7.909040537593754,22.05501910477979,18.89359604034373,3,32,29,0.9375,0
efficiency,12,intermediate,241.8125,0.34771410173857054,11274.875,2.5673570022387073,7.928744635281305,21.860831768084083,19.910973301593756,9,32,30,0.96875,0
efficiency,14,final_reevaluation,241.6875,0.3992273019961365,11231.4375,2.9427252817287464,8.116018869812512,20.01521135896895,17.123283231562503,9,32,29,0.96875,0
quality-only,0,initial,238.4375,0.0,11321.3125,0.0,8.216528776718754,0.0,20.824585086156247,7,32,30,1.0,0
quality-only,4,intermediate,240.5,-0.8650065530799476,11437.03125,-1.0221319303746805,7.928615557468749,3.5040736431885504,21.91675983724999,9,32,26,0.96875,0
quality-only,8,intermediate,240.53125,-0.8781127129750983,11260.3125,0.5388067858739877,8.248414736593766,-0.3880709328902986,19.899397022343734,8,32,30,0.96875,0
quality-only,12,intermediate,241.875,-1.4416775884665793,11267.9375,0.4714559376397392,8.373664402843744,-1.9124332232636805,20.863921563843775,5,32,31,0.96875,0
quality-only,13,final_reevaluation,236.0,1.0222804718217562,11483.875,-1.4358980021088543,8.001300266062522,2.619457881849987,17.873024644593748,7,32,30,0.96875,0
