arm,optimizer_updates,evaluation,avg_output_tokens,output_token_reduction_pct,avg_input_tokens,avg_model_action_seconds,model_action_time_reduction_pct,avg_end_to_end_seconds,end_to_end_time_reduction_pct,accepted,assigned,resolved,completion_rate
quality-only,0,initial,238.4375,0.0,11321.3125,8.216528776718754,0.0,20.824585086156247,0.0,7,32,30,1.0
quality-only,4,intermediate,240.5,-0.8650065530799476,11437.03125,7.928615557468749,3.5040736431885504,21.91675983724999,-5.244641113257035,9,32,26,0.96875
quality-only,8,intermediate,240.53125,-0.8781127129750983,11260.3125,8.248414736593766,-0.3880709328902986,19.899397022343734,4.44276829518951,8,32,30,0.96875
quality-only,12,intermediate,241.875,-1.4416775884665793,11267.9375,8.373664402843744,-1.9124332232636805,20.863921563843775,-0.18889441266072296,5,32,31,0.96875
quality-only,13,final,124.90625,47.61467889908257,6055.84375,,,88.18440530581253,-323.46296428463154,4,32,16,0.46875
efficiency,0,initial,242.65625,0.0,11571.96875,10.146952949062506,0.0,23.4147420225,0.0,7,32,30,0.96875
efficiency,4,intermediate,242.3125,0.14166130070830651,11466.875,8.883223033562473,12.45427983990791,20.569483032281255,12.15157095254196,8,32,29,0.96875
efficiency,8,intermediate,241.34375,0.5408886027044431,11458.59375,7.909040537593754,22.05501910477979,18.89359604034373,19.308972004952057,3,32,29,0.9375
efficiency,12,intermediate,241.8125,0.34771410173857054,11274.875,7.928744635281305,21.860831768084083,19.910973301593756,14.963943303493826,9,32,30,0.96875
efficiency,14,final,113.78125,53.11010946555055,5646.40625,,,86.33679366368749,-268.7283574626772,2,32,13,0.5
