task_id,before,after,delta
import-60456a08ebdf9cc210dd4eb3,0.0,1.0,1.0
import-dd6ba2db772f5d50e095202f,0.0,1.0,1.0
import-3d933c0b7aa19317881b8fc2,0.25,0.5,0.25
import-ce28a9cd8598c38c913483a8,0.0,0.0,0.0
import-a1eed3ff9ae87b27f4714f00,1.0,0.5,-0.5
import-e674f5f0973ad2a1fb4bafd1,0.0,0.5,0.5
import-228dfe7017bcbef5e6cfbe5f,0.0,1.0,1.0
import-8fc8904e927b10aae810619e,0.0,1.0,1.0
import-fef702f182535e534533bdc0,0.0,0.0,0.0
import-5b0c17ce8a5a26e00af2fb2a,0.0,0.0,0.0
import-6bd8c5df2aa4e92796beba9d,0.0,0.0,0.0
import-83110e323c2efed311cc105b,0.0,0.3333333333333333,0.3333333333333333
import-db220c52daf5914fdb8abda0,1.0,1.0,0.0
import-b19e6dd8d190c5f455e0e65a,0.0,1.0,1.0
import-17422b22d16d64b11ac50cbc,0.0,0.0,0.0
import-b3a3034800814aaddeb67f0d,0.0,1.0,1.0
import-c6fc34340a25ce91bf221303,0.0,0,0.0
import-2cd473d74c28806e0acfd8bf,1.0,1.0,0.0
import-2f62436038689e7a08ed6f40,,,
import-74bda56d926ef4560e3b4c41,0.0,1.0,1.0
import-ab4db8ead9fe0ddfcfa7d333,1.0,1.0,0.0
import-19e9bb1ce7326cfc87908604,,1.0,
import-d01d46e4f2332bcc9798eca3,0.25,0.75,0.5
import-39d95e9396abbd507c034b6a,0.5,,
import-63788ad64cc80e41936988fb,0.0,0.0,0.0
import-feae8fe95a709a3c63709502,0.0,0.5,0.5
import-1286486da6b74ddb5248c1bc,0.0,1.0,1.0
import-188040463405615ffa93ff21,0.5,1.0,0.5
import-c0308d6990a7fa700b7354ab,0.0,1.0,1.0
import-6688bc78875d18bf296dffb7,0.0,1.0,1.0
import-300de5be57b63f9b6b072a9a,0.3333333333333333,1.0,0.6666666666666667
import-9dd0fade4b6a864a514a1e7d,0.25,1.0,0.75
