run,episode_id,phase,task_id,reward,grading_status,termination,checkpoint_id,modal_trajectory_path
02-direct-grpo-screen-qwen397-all-claims-v3-modal-seed42,ep-bf0d5fd2bb50454b84ea1c3421f681bf,evaluation,import-ce28a9cd8598c38c913483a8,0,resolved,completed,ckpt-205a750955544e3e94de3d1aabc78448,/state/artifacts/experiments/02-direct-grpo-screen-qwen397-all-claims-v3-modal-seed42/trajectories/ep-bf0d5fd2bb50454b84ea1c3421f681bf.json
02-direct-grpo-screen-qwen397-all-claims-v3-modal-seed42,ep-30eeba4eda4a46c9ac5cdf30a5b08bab,evaluation,import-228dfe7017bcbef5e6cfbe5f,0,resolved,budget_exhausted,ckpt-205a750955544e3e94de3d1aabc78448,/state/artifacts/experiments/02-direct-grpo-screen-qwen397-all-claims-v3-modal-seed42/trajectories/ep-30eeba4eda4a46c9ac5cdf30a5b08bab.json
02-direct-grpo-screen-qwen397-all-claims-v3-modal-seed42,ep-5e850f6237384fc5937a40dde9ed9062,evaluation,import-dd6ba2db772f5d50e095202f,0,resolved,budget_exhausted,ckpt-205a750955544e3e94de3d1aabc78448,/state/artifacts/experiments/02-direct-grpo-screen-qwen397-all-claims-v3-modal-seed42/trajectories/ep-5e850f6237384fc5937a40dde9ed9062.json
02-direct-grpo-screen-qwen397-all-claims-v3-modal-seed42,ep-fd8b18505e3249fdb19d3696c6c04ff7,evaluation,import-fef702f182535e534533bdc0,0.0,resolved,completed,ckpt-205a750955544e3e94de3d1aabc78448,/state/artifacts/experiments/02-direct-grpo-screen-qwen397-all-claims-v3-modal-seed42/trajectories/ep-fd8b18505e3249fdb19d3696c6c04ff7.json
02-direct-grpo-screen-qwen397-all-claims-v3-modal-seed42,ep-2da9e43aa7ea4e6b9448bfe061065584,evaluation,import-60456a08ebdf9cc210dd4eb3,0.0,resolved,completed,ckpt-205a750955544e3e94de3d1aabc78448,/state/artifacts/experiments/02-direct-grpo-screen-qwen397-all-claims-v3-modal-seed42/trajectories/ep-2da9e43aa7ea4e6b9448bfe061065584.json
02-direct-grpo-screen-qwen397-all-claims-v3-modal-seed42,ep-31d08df37a294719a4b2e07a39caed6b,evaluation,import-a1eed3ff9ae87b27f4714f00,0.0,resolved,completed,ckpt-205a750955544e3e94de3d1aabc78448,/state/artifacts/experiments/02-direct-grpo-screen-qwen397-all-claims-v3-modal-seed42/trajectories/ep-31d08df37a294719a4b2e07a39caed6b.json
02-direct-grpo-screen-qwen397-all-claims-v3-modal-seed42,ep-b7e9b37fcb094b3292d3187d52330984,evaluation,import-17422b22d16d64b11ac50cbc,0.0,resolved,completed,ckpt-205a750955544e3e94de3d1aabc78448,/state/artifacts/experiments/02-direct-grpo-screen-qwen397-all-claims-v3-modal-seed42/trajectories/ep-b7e9b37fcb094b3292d3187d52330984.json
02-direct-grpo-screen-qwen397-all-claims-v3-modal-seed42,ep-5708cb899b464f3a99bb2d6ffc6f0bc0,evaluation,import-83110e323c2efed311cc105b,0.0,resolved,completed,ckpt-205a750955544e3e94de3d1aabc78448,/state/artifacts/experiments/02-direct-grpo-screen-qwen397-all-claims-v3-modal-seed42/trajectories/ep-5708cb899b464f3a99bb2d6ffc6f0bc0.json
02-direct-grpo-screen-qwen397-all-claims-v3-modal-seed42,ep-8f5ebfaa09684a7dbb1670130a2da44b,evaluation,import-b3a3034800814aaddeb67f0d,0.0,resolved,completed,ckpt-205a750955544e3e94de3d1aabc78448,/state/artifacts/experiments/02-direct-grpo-screen-qwen397-all-claims-v3-modal-seed42/trajectories/ep-8f5ebfaa09684a7dbb1670130a2da44b.json
02-direct-grpo-screen-qwen397-all-claims-v3-modal-seed42,ep-493334ea07fa4175b1153c3433114a50,evaluation,import-c6fc34340a25ce91bf221303,1.0,resolved,completed,ckpt-205a750955544e3e94de3d1aabc78448,/state/artifacts/experiments/02-direct-grpo-screen-qwen397-all-claims-v3-modal-seed42/trajectories/ep-493334ea07fa4175b1153c3433114a50.json
02-direct-grpo-screen-qwen397-all-claims-v3-modal-seed42,ep-d37f98e388fe40dbb2a9414cdc3e1b31,evaluation,import-2cd473d74c28806e0acfd8bf,0.0,resolved,completed,ckpt-205a750955544e3e94de3d1aabc78448,/state/artifacts/experiments/02-direct-grpo-screen-qwen397-all-claims-v3-modal-seed42/trajectories/ep-d37f98e388fe40dbb2a9414cdc3e1b31.json
02-direct-grpo-screen-qwen397-all-claims-v3-modal-seed42,ep-8329f054a20341c0a7b4eec62d44a261,evaluation,import-74bda56d926ef4560e3b4c41,0.0,resolved,completed,ckpt-205a750955544e3e94de3d1aabc78448,/state/artifacts/experiments/02-direct-grpo-screen-qwen397-all-claims-v3-modal-seed42/trajectories/ep-8329f054a20341c0a7b4eec62d44a261.json
02-direct-grpo-screen-qwen397-all-claims-v3-modal-seed42,ep-8ee825d7dd23468692cd327c5c41acd9,evaluation,import-2f62436038689e7a08ed6f40,0.0,resolved,completed,ckpt-205a750955544e3e94de3d1aabc78448,/state/artifacts/experiments/02-direct-grpo-screen-qwen397-all-claims-v3-modal-seed42/trajectories/ep-8ee825d7dd23468692cd327c5c41acd9.json
02-direct-grpo-screen-qwen397-all-claims-v3-modal-seed42,ep-61afafcdd96c4beeaead5f4095f10a60,evaluation,import-19e9bb1ce7326cfc87908604,1.0,resolved,completed,ckpt-205a750955544e3e94de3d1aabc78448,/state/artifacts/experiments/02-direct-grpo-screen-qwen397-all-claims-v3-modal-seed42/trajectories/ep-61afafcdd96c4beeaead5f4095f10a60.json
02-direct-grpo-screen-qwen397-all-claims-v3-modal-seed42,ep-10cd52781e4e43b6b1d886ab9bffcab2,evaluation,import-ab4db8ead9fe0ddfcfa7d333,,unresolved,completed,ckpt-205a750955544e3e94de3d1aabc78448,/state/artifacts/experiments/02-direct-grpo-screen-qwen397-all-claims-v3-modal-seed42/trajectories/ep-10cd52781e4e43b6b1d886ab9bffcab2.json
02-direct-grpo-screen-qwen397-all-claims-v3-modal-seed42,ep-0d1d24628dda41b2bc13aefbc0317d62,evaluation,import-300de5be57b63f9b6b072a9a,,unresolved,completed,ckpt-205a750955544e3e94de3d1aabc78448,/state/artifacts/experiments/02-direct-grpo-screen-qwen397-all-claims-v3-modal-seed42/trajectories/ep-0d1d24628dda41b2bc13aefbc0317d62.json
02-direct-grpo-screen-qwen397-all-claims-v3-modal-seed42,ep-ccc06fff93e14c5b8cafbfa1a4708253,training,,0,resolved,completed,,/state/artifacts/experiments/02-direct-grpo-screen-qwen397-all-claims-v3-modal-seed42/trajectories/ep-ccc06fff93e14c5b8cafbfa1a4708253.json
02-direct-grpo-screen-qwen397-all-claims-v3-modal-seed42,ep-71021193b643426ea9c503cdd9d6dbc2,training,,0,resolved,completed,,/state/artifacts/experiments/02-direct-grpo-screen-qwen397-all-claims-v3-modal-seed42/trajectories/ep-71021193b643426ea9c503cdd9d6dbc2.json
02-direct-grpo-screen-qwen397-all-claims-v3-modal-seed42,ep-4c61d75b943a4fd7846702ebcbc4070e,training,,0,resolved,completed,,/state/artifacts/experiments/02-direct-grpo-screen-qwen397-all-claims-v3-modal-seed42/trajectories/ep-4c61d75b943a4fd7846702ebcbc4070e.json
02-direct-grpo-screen-qwen397-all-claims-v3-modal-seed42,ep-4ffcb4d5ac394ca19ca49032f6d0f330,training,,0,resolved,budget_exhausted,,/state/artifacts/experiments/02-direct-grpo-screen-qwen397-all-claims-v3-modal-seed42/trajectories/ep-4ffcb4d5ac394ca19ca49032f6d0f330.json
02-direct-grpo-screen-qwen397-all-claims-v3-modal-seed42,ep-57623ad0594348e686c7cb8d8efcf8f7,training,,0.0,resolved,completed,,/state/artifacts/experiments/02-direct-grpo-screen-qwen397-all-claims-v3-modal-seed42/trajectories/ep-57623ad0594348e686c7cb8d8efcf8f7.json
02-direct-grpo-screen-qwen397-all-claims-v3-modal-seed42,ep-99720d7f8d7f44cf9f58b99c52536cd8,training,,0.0,resolved,completed,,/state/artifacts/experiments/02-direct-grpo-screen-qwen397-all-claims-v3-modal-seed42/trajectories/ep-99720d7f8d7f44cf9f58b99c52536cd8.json
02-direct-grpo-screen-qwen397-all-claims-v3-modal-seed42,ep-cbffc6eb5cb34fb4ac760154ac6c95b0,training,,0,resolved,completed,,/state/artifacts/experiments/02-direct-grpo-screen-qwen397-all-claims-v3-modal-seed42/trajectories/ep-cbffc6eb5cb34fb4ac760154ac6c95b0.json
02-direct-grpo-screen-qwen397-all-claims-v3-modal-seed42,ep-677224816e494db8a8ffb63936bb5ae9,training,,0.0,resolved,completed,,/state/artifacts/experiments/02-direct-grpo-screen-qwen397-all-claims-v3-modal-seed42/trajectories/ep-677224816e494db8a8ffb63936bb5ae9.json
02-direct-grpo-screen-qwen397-all-claims-v3-modal-seed42,ep-e48601948267400f853b843500adabb9,training,,0,resolved,completed,,/state/artifacts/experiments/02-direct-grpo-screen-qwen397-all-claims-v3-modal-seed42/trajectories/ep-e48601948267400f853b843500adabb9.json
02-direct-grpo-screen-qwen397-all-claims-v3-modal-seed42,ep-c3fbd7a0d9374846bac282fd1803abc6,training,,,unresolved,completed,,/state/artifacts/experiments/02-direct-grpo-screen-qwen397-all-claims-v3-modal-seed42/trajectories/ep-c3fbd7a0d9374846bac282fd1803abc6.json
02-direct-grpo-screen-qwen397-all-claims-v3-modal-seed42,ep-fd33cfba7ab34be78d3fd73cd170b3bc,training,,0,resolved,budget_exhausted,,/state/artifacts/experiments/02-direct-grpo-screen-qwen397-all-claims-v3-modal-seed42/trajectories/ep-fd33cfba7ab34be78d3fd73cd170b3bc.json
02-direct-grpo-screen-qwen397-all-claims-v3-modal-seed42,ep-efa51b0eb4c04b4995d720220e0dbf59,training,,,unresolved,completed,,/state/artifacts/experiments/02-direct-grpo-screen-qwen397-all-claims-v3-modal-seed42/trajectories/ep-efa51b0eb4c04b4995d720220e0dbf59.json
02-direct-grpo-screen-qwen397-all-claims-v3-modal-seed42,ep-6dd3f5eb3a78408ea2adf286b3b96d5e,training,,0.0,resolved,completed,,/state/artifacts/experiments/02-direct-grpo-screen-qwen397-all-claims-v3-modal-seed42/trajectories/ep-6dd3f5eb3a78408ea2adf286b3b96d5e.json
02-direct-grpo-screen-qwen397-all-claims-v3-modal-seed42,ep-f0c5613d6782416b90e7b5d318951b68,training,,0,resolved,budget_exhausted,,/state/artifacts/experiments/02-direct-grpo-screen-qwen397-all-claims-v3-modal-seed42/trajectories/ep-f0c5613d6782416b90e7b5d318951b68.json
02-direct-grpo-screen-qwen397-all-claims-v3-modal-seed42,ep-ed662d754b56493094dd45b783f6974c,training,,,unresolved,completed,,/state/artifacts/experiments/02-direct-grpo-screen-qwen397-all-claims-v3-modal-seed42/trajectories/ep-ed662d754b56493094dd45b783f6974c.json
02-direct-grpo-screen-qwen397-all-claims-v3-modal-seed42,ep-3022b57eba4d41e3871c9dff1ab653df,training,,0.0,resolved,completed,,/state/artifacts/experiments/02-direct-grpo-screen-qwen397-all-claims-v3-modal-seed42/trajectories/ep-3022b57eba4d41e3871c9dff1ab653df.json
02-direct-grpo-screen-qwen397-all-claims-v3-modal-seed42,ep-338a5dbfa6f5444bbcf0c95a515a72b1,training,,0,resolved,completed,,/state/artifacts/experiments/02-direct-grpo-screen-qwen397-all-claims-v3-modal-seed42/trajectories/ep-338a5dbfa6f5444bbcf0c95a515a72b1.json
02-direct-grpo-screen-qwen397-all-claims-v3-modal-seed42,ep-472bbf924b7a48f49cb504e936f49ece,training,,0,resolved,completed,,/state/artifacts/experiments/02-direct-grpo-screen-qwen397-all-claims-v3-modal-seed42/trajectories/ep-472bbf924b7a48f49cb504e936f49ece.json
02-direct-grpo-screen-qwen397-all-claims-v3-modal-seed42,ep-c8f2fe6b82de48d9a29c522413d644a9,training,,0,resolved,completed,,/state/artifacts/experiments/02-direct-grpo-screen-qwen397-all-claims-v3-modal-seed42/trajectories/ep-c8f2fe6b82de48d9a29c522413d644a9.json
02-direct-grpo-screen-qwen397-all-claims-v3-modal-seed42,ep-c3d3bad1e5e242d494f594736b1ad375,training,,0,resolved,completed,,/state/artifacts/experiments/02-direct-grpo-screen-qwen397-all-claims-v3-modal-seed42/trajectories/ep-c3d3bad1e5e242d494f594736b1ad375.json
02-direct-grpo-screen-qwen397-all-claims-v3-modal-seed42,ep-875be9499c9e479b8499b55a4224c455,training,,0,resolved,budget_exhausted,,/state/artifacts/experiments/02-direct-grpo-screen-qwen397-all-claims-v3-modal-seed42/trajectories/ep-875be9499c9e479b8499b55a4224c455.json
02-direct-grpo-screen-qwen397-all-claims-v3-modal-seed42,ep-2baf808cd2e14a73a6bba0b4010405cb,training,,0,resolved,budget_exhausted,,/state/artifacts/experiments/02-direct-grpo-screen-qwen397-all-claims-v3-modal-seed42/trajectories/ep-2baf808cd2e14a73a6bba0b4010405cb.json
02-direct-grpo-screen-qwen397-all-claims-v3-modal-seed42,ep-913b7fccc7eb4844bfc2571eb5f2fe05,training,,0,resolved,budget_exhausted,,/state/artifacts/experiments/02-direct-grpo-screen-qwen397-all-claims-v3-modal-seed42/trajectories/ep-913b7fccc7eb4844bfc2571eb5f2fe05.json
02-direct-grpo-screen-qwen397-all-claims-v3-modal-seed42,ep-61907e4bfff7432f8b1e96b85c1f338f,training,,0,resolved,completed,,/state/artifacts/experiments/02-direct-grpo-screen-qwen397-all-claims-v3-modal-seed42/trajectories/ep-61907e4bfff7432f8b1e96b85c1f338f.json
02-direct-grpo-screen-qwen397-all-claims-v3-modal-seed42,ep-8e02a964a808489ba54ba715ebb197ea,training,,0,resolved,completed,,/state/artifacts/experiments/02-direct-grpo-screen-qwen397-all-claims-v3-modal-seed42/trajectories/ep-8e02a964a808489ba54ba715ebb197ea.json
02-direct-grpo-screen-qwen397-all-claims-v3-modal-seed42,ep-3330757a0e5d43d78984edc66cef0c19,training,,0,resolved,budget_exhausted,,/state/artifacts/experiments/02-direct-grpo-screen-qwen397-all-claims-v3-modal-seed42/trajectories/ep-3330757a0e5d43d78984edc66cef0c19.json
02-direct-grpo-screen-qwen397-all-claims-v3-modal-seed42,ep-1b6663ca0aee41f689d2138f284f535f,training,,0,resolved,budget_exhausted,,/state/artifacts/experiments/02-direct-grpo-screen-qwen397-all-claims-v3-modal-seed42/trajectories/ep-1b6663ca0aee41f689d2138f284f535f.json
02-direct-grpo-screen-qwen397-all-claims-v3-modal-seed42,ep-c03d6922a777439e99866ed37efa8611,training,,0,resolved,completed,,/state/artifacts/experiments/02-direct-grpo-screen-qwen397-all-claims-v3-modal-seed42/trajectories/ep-c03d6922a777439e99866ed37efa8611.json
02-direct-grpo-screen-qwen397-all-claims-v3-modal-seed42,ep-cc3cf79d5766412dac4f7d8f53e9150c,training,,0,resolved,budget_exhausted,,/state/artifacts/experiments/02-direct-grpo-screen-qwen397-all-claims-v3-modal-seed42/trajectories/ep-cc3cf79d5766412dac4f7d8f53e9150c.json
02-direct-grpo-screen-qwen397-all-claims-v3-modal-seed42,ep-54b3230ce8ea4cf9beb9cca18fa4a0d0,training,,0,resolved,budget_exhausted,,/state/artifacts/experiments/02-direct-grpo-screen-qwen397-all-claims-v3-modal-seed42/trajectories/ep-54b3230ce8ea4cf9beb9cca18fa4a0d0.json
02-direct-grpo-screen-qwen397-all-claims-v3-modal-seed42,ep-6ecd7df0f4a54aae9fba1dd0cc1eb204,training,,,unresolved,completed,,/state/artifacts/experiments/02-direct-grpo-screen-qwen397-all-claims-v3-modal-seed42/trajectories/ep-6ecd7df0f4a54aae9fba1dd0cc1eb204.json
02-direct-grpo-screen-qwen397-all-claims-v3-modal-seed42,ep-b878ef287a1847d9b70e4c78fac5fabb,training,,1.0,resolved,completed,,/state/artifacts/experiments/02-direct-grpo-screen-qwen397-all-claims-v3-modal-seed42/trajectories/ep-b878ef287a1847d9b70e4c78fac5fabb.json
02-direct-grpo-screen-qwen397-all-claims-v3-modal-seed42,ep-7e05aa9d37be463d9b6d6f5dad246728,training,,0,resolved,completed,,/state/artifacts/experiments/02-direct-grpo-screen-qwen397-all-claims-v3-modal-seed42/trajectories/ep-7e05aa9d37be463d9b6d6f5dad246728.json
02-direct-grpo-screen-qwen397-all-claims-v3-modal-seed42,ep-616c30acbcb343af8049b1743d2306e9,training,,0,resolved,completed,,/state/artifacts/experiments/02-direct-grpo-screen-qwen397-all-claims-v3-modal-seed42/trajectories/ep-616c30acbcb343af8049b1743d2306e9.json
02-direct-grpo-screen-qwen397-all-claims-v3-modal-seed42,ep-42125539190045dcb0b866cff3af9b5a,training,,0,resolved,budget_exhausted,,/state/artifacts/experiments/02-direct-grpo-screen-qwen397-all-claims-v3-modal-seed42/trajectories/ep-42125539190045dcb0b866cff3af9b5a.json
02-direct-grpo-screen-qwen397-all-claims-v3-modal-seed42,ep-8085e5b83b974e48a659b418022014ca,training,,0,resolved,budget_exhausted,,/state/artifacts/experiments/02-direct-grpo-screen-qwen397-all-claims-v3-modal-seed42/trajectories/ep-8085e5b83b974e48a659b418022014ca.json
02-direct-grpo-screen-qwen397-all-claims-v3-modal-seed42,ep-303a22683e044f828cb7d7e207a398a9,training,,0,resolved,completed,,/state/artifacts/experiments/02-direct-grpo-screen-qwen397-all-claims-v3-modal-seed42/trajectories/ep-303a22683e044f828cb7d7e207a398a9.json
02-direct-grpo-screen-qwen397-all-claims-v3-modal-seed42,ep-8d8a51fc43264c50bb79dc37e199a10a,training,,0,resolved,completed,,/state/artifacts/experiments/02-direct-grpo-screen-qwen397-all-claims-v3-modal-seed42/trajectories/ep-8d8a51fc43264c50bb79dc37e199a10a.json
02-direct-grpo-screen-qwen397-all-claims-v3-modal-seed42,ep-8b81587c90cb4666bff604f4444bb5c0,training,,0.0,resolved,completed,,/state/artifacts/experiments/02-direct-grpo-screen-qwen397-all-claims-v3-modal-seed42/trajectories/ep-8b81587c90cb4666bff604f4444bb5c0.json
02-direct-grpo-screen-qwen397-all-claims-v3-modal-seed42,ep-95cb9182318f4526ab58e02ceb3985d1,training,,0,resolved,completed,,/state/artifacts/experiments/02-direct-grpo-screen-qwen397-all-claims-v3-modal-seed42/trajectories/ep-95cb9182318f4526ab58e02ceb3985d1.json
02-direct-grpo-screen-qwen397-all-claims-v3-modal-seed42,ep-2f869ad747f549fd8955f54b79c6643f,training,,0,resolved,budget_exhausted,,/state/artifacts/experiments/02-direct-grpo-screen-qwen397-all-claims-v3-modal-seed42/trajectories/ep-2f869ad747f549fd8955f54b79c6643f.json
02-direct-grpo-screen-qwen397-all-claims-v3-modal-seed42,ep-0380229c555a4650beed12c8b902e900,training,,1.0,resolved,completed,,/state/artifacts/experiments/02-direct-grpo-screen-qwen397-all-claims-v3-modal-seed42/trajectories/ep-0380229c555a4650beed12c8b902e900.json
02-direct-grpo-screen-qwen397-all-claims-v3-modal-seed42,ep-de2faca7f9d84d248e9dcdb33dd88374,training,,0,resolved,completed,,/state/artifacts/experiments/02-direct-grpo-screen-qwen397-all-claims-v3-modal-seed42/trajectories/ep-de2faca7f9d84d248e9dcdb33dd88374.json
02-direct-grpo-screen-qwen397-all-claims-v3-modal-seed42,ep-b60aa9d27e9c4ecbac702a503d153a4f,training,,,unresolved,completed,,/state/artifacts/experiments/02-direct-grpo-screen-qwen397-all-claims-v3-modal-seed42/trajectories/ep-b60aa9d27e9c4ecbac702a503d153a4f.json
02-direct-grpo-screen-qwen397-all-claims-v3-modal-seed42,ep-988ad1c0cf7b47f4ac29c1b552934f64,training,,0,resolved,completed,,/state/artifacts/experiments/02-direct-grpo-screen-qwen397-all-claims-v3-modal-seed42/trajectories/ep-988ad1c0cf7b47f4ac29c1b552934f64.json
02-direct-grpo-screen-qwen397-all-claims-v3-modal-seed42,ep-8d2d4ebca12f42fea06f10b09eec5ec9,training,,0,resolved,completed,,/state/artifacts/experiments/02-direct-grpo-screen-qwen397-all-claims-v3-modal-seed42/trajectories/ep-8d2d4ebca12f42fea06f10b09eec5ec9.json
02-direct-grpo-screen-qwen397-all-claims-v3-modal-seed42,ep-b9d4405ecf064ec1a4072c8433b5be3d,training,,0,resolved,completed,,/state/artifacts/experiments/02-direct-grpo-screen-qwen397-all-claims-v3-modal-seed42/trajectories/ep-b9d4405ecf064ec1a4072c8433b5be3d.json
02-direct-grpo-screen-qwen397-all-claims-v3-modal-seed42,ep-33042f19f22f49a7a0a185a78774ee19,training,,0.0,resolved,completed,,/state/artifacts/experiments/02-direct-grpo-screen-qwen397-all-claims-v3-modal-seed42/trajectories/ep-33042f19f22f49a7a0a185a78774ee19.json
02-direct-grpo-screen-qwen397-all-claims-v3-modal-seed42,ep-e5558d3192ae478fbe236533e8086ccc,training,,0,resolved,completed,,/state/artifacts/experiments/02-direct-grpo-screen-qwen397-all-claims-v3-modal-seed42/trajectories/ep-e5558d3192ae478fbe236533e8086ccc.json
02-direct-grpo-screen-qwen397-all-claims-v3-modal-seed42,ep-23423eb4e92a454c86da4715420ba3b0,training,,0,resolved,completed,,/state/artifacts/experiments/02-direct-grpo-screen-qwen397-all-claims-v3-modal-seed42/trajectories/ep-23423eb4e92a454c86da4715420ba3b0.json
02-direct-grpo-screen-qwen397-all-claims-v3-modal-seed42,ep-7dc8c8dc9f9b406c91be743a9bea480a,training,,0,resolved,budget_exhausted,,/state/artifacts/experiments/02-direct-grpo-screen-qwen397-all-claims-v3-modal-seed42/trajectories/ep-7dc8c8dc9f9b406c91be743a9bea480a.json
02-direct-grpo-screen-qwen397-all-claims-v3-modal-seed42,ep-033dcc4d26fa45cb8e526edf71ea5598,training,,0,resolved,budget_exhausted,,/state/artifacts/experiments/02-direct-grpo-screen-qwen397-all-claims-v3-modal-seed42/trajectories/ep-033dcc4d26fa45cb8e526edf71ea5598.json
02-direct-grpo-screen-qwen397-all-claims-v3-modal-seed42,ep-2fdd13f2490d4205b2c19b652d8b72b2,training,,0,resolved,budget_exhausted,,/state/artifacts/experiments/02-direct-grpo-screen-qwen397-all-claims-v3-modal-seed42/trajectories/ep-2fdd13f2490d4205b2c19b652d8b72b2.json
02-direct-grpo-screen-qwen397-all-claims-v3-modal-seed42,ep-ac68cac621ee499bb31b638d4a1287d5,training,,0,resolved,budget_exhausted,,/state/artifacts/experiments/02-direct-grpo-screen-qwen397-all-claims-v3-modal-seed42/trajectories/ep-ac68cac621ee499bb31b638d4a1287d5.json
02-direct-grpo-screen-qwen397-all-claims-v3-modal-seed42,ep-dfde2d2cba0f4b0a8707386f0ad61c4a,training,,0,resolved,completed,,/state/artifacts/experiments/02-direct-grpo-screen-qwen397-all-claims-v3-modal-seed42/trajectories/ep-dfde2d2cba0f4b0a8707386f0ad61c4a.json
02-direct-grpo-screen-qwen397-all-claims-v3-modal-seed42,ep-0f527dc5cfa14b9eabe50a2b417d472e,training,,0,resolved,completed,,/state/artifacts/experiments/02-direct-grpo-screen-qwen397-all-claims-v3-modal-seed42/trajectories/ep-0f527dc5cfa14b9eabe50a2b417d472e.json
02-direct-grpo-screen-qwen397-all-claims-v3-modal-seed42,ep-4c83a95d54c24465921c62e98c2f0993,training,,0,resolved,completed,,/state/artifacts/experiments/02-direct-grpo-screen-qwen397-all-claims-v3-modal-seed42/trajectories/ep-4c83a95d54c24465921c62e98c2f0993.json
02-direct-grpo-screen-qwen397-all-claims-v3-modal-seed42,ep-a5dd33c4af474939ad49039c34fa175f,training,,0,resolved,budget_exhausted,,/state/artifacts/experiments/02-direct-grpo-screen-qwen397-all-claims-v3-modal-seed42/trajectories/ep-a5dd33c4af474939ad49039c34fa175f.json
02-direct-grpo-screen-qwen397-all-claims-v3-modal-seed42,ep-7ef7dfffc3a24c74a584327f6507720d,training,,0,resolved,completed,,/state/artifacts/experiments/02-direct-grpo-screen-qwen397-all-claims-v3-modal-seed42/trajectories/ep-7ef7dfffc3a24c74a584327f6507720d.json
02-direct-grpo-screen-qwen397-all-claims-v3-modal-seed42,ep-a429a91bc5904eb4a6c75cb1d3b3ffd6,training,,0,resolved,budget_exhausted,,/state/artifacts/experiments/02-direct-grpo-screen-qwen397-all-claims-v3-modal-seed42/trajectories/ep-a429a91bc5904eb4a6c75cb1d3b3ffd6.json
02-direct-grpo-screen-qwen397-all-claims-v3-modal-seed42,ep-1a6a0e3fdcbb410c8a15a493e91cde3e,training,,0,resolved,budget_exhausted,,/state/artifacts/experiments/02-direct-grpo-screen-qwen397-all-claims-v3-modal-seed42/trajectories/ep-1a6a0e3fdcbb410c8a15a493e91cde3e.json
02-direct-grpo-screen-qwen397-all-claims-v3-modal-seed42,ep-26449855e47c43c0952a748a8607148d,training,,0,resolved,completed,,/state/artifacts/experiments/02-direct-grpo-screen-qwen397-all-claims-v3-modal-seed42/trajectories/ep-26449855e47c43c0952a748a8607148d.json
02-direct-grpo-screen-qwen397-all-claims-v3-modal-seed42,ep-3bbdddd690f34478b6e399873558e054,training,,0,resolved,completed,,/state/artifacts/experiments/02-direct-grpo-screen-qwen397-all-claims-v3-modal-seed42/trajectories/ep-3bbdddd690f34478b6e399873558e054.json
02-direct-grpo-screen-qwen397-all-claims-v3-modal-seed42,ep-efdbf639bb834035a2e2c3d5c409d478,training,,0.0,resolved,completed,,/state/artifacts/experiments/02-direct-grpo-screen-qwen397-all-claims-v3-modal-seed42/trajectories/ep-efdbf639bb834035a2e2c3d5c409d478.json
02-direct-grpo-screen-qwen397-all-claims-v3-modal-seed42,ep-a03f513706f44c7b995b660461566be8,evaluation,import-ce28a9cd8598c38c913483a8,0,resolved,completed,ckpt-f1ee215de01d4d6682c40047ca9a5046,/state/artifacts/experiments/02-direct-grpo-screen-qwen397-all-claims-v3-modal-seed42/trajectories/ep-a03f513706f44c7b995b660461566be8.json
02-direct-grpo-screen-qwen397-all-claims-v3-modal-seed42,ep-6e6c281db52844bbb30ee6a9264d700d,evaluation,import-228dfe7017bcbef5e6cfbe5f,0,resolved,budget_exhausted,ckpt-f1ee215de01d4d6682c40047ca9a5046,/state/artifacts/experiments/02-direct-grpo-screen-qwen397-all-claims-v3-modal-seed42/trajectories/ep-6e6c281db52844bbb30ee6a9264d700d.json
02-direct-grpo-screen-qwen397-all-claims-v3-modal-seed42,ep-704cd8d94de84ec7b4f628ce67bd717a,evaluation,import-83110e323c2efed311cc105b,0,resolved,completed,ckpt-f1ee215de01d4d6682c40047ca9a5046,/state/artifacts/experiments/02-direct-grpo-screen-qwen397-all-claims-v3-modal-seed42/trajectories/ep-704cd8d94de84ec7b4f628ce67bd717a.json
02-direct-grpo-screen-qwen397-all-claims-v3-modal-seed42,ep-fe513fb222774780bf35812bfee271a9,evaluation,import-dd6ba2db772f5d50e095202f,0,resolved,budget_exhausted,ckpt-f1ee215de01d4d6682c40047ca9a5046,/state/artifacts/experiments/02-direct-grpo-screen-qwen397-all-claims-v3-modal-seed42/trajectories/ep-fe513fb222774780bf35812bfee271a9.json
02-direct-grpo-screen-qwen397-all-claims-v3-modal-seed42,ep-c31852dbd4454ea18f42639e504a5630,evaluation,import-60456a08ebdf9cc210dd4eb3,,unresolved,completed,ckpt-f1ee215de01d4d6682c40047ca9a5046,/state/artifacts/experiments/02-direct-grpo-screen-qwen397-all-claims-v3-modal-seed42/trajectories/ep-c31852dbd4454ea18f42639e504a5630.json
02-direct-grpo-screen-qwen397-all-claims-v3-modal-seed42,ep-be003a66ab044bb3b94769e257afb037,evaluation,import-17422b22d16d64b11ac50cbc,1.0,resolved,completed,ckpt-f1ee215de01d4d6682c40047ca9a5046,/state/artifacts/experiments/02-direct-grpo-screen-qwen397-all-claims-v3-modal-seed42/trajectories/ep-be003a66ab044bb3b94769e257afb037.json
02-direct-grpo-screen-qwen397-all-claims-v3-modal-seed42,ep-a5c4a294426742b8882bc6a4b2a9defb,evaluation,import-b3a3034800814aaddeb67f0d,0.0,resolved,completed,ckpt-f1ee215de01d4d6682c40047ca9a5046,/state/artifacts/experiments/02-direct-grpo-screen-qwen397-all-claims-v3-modal-seed42/trajectories/ep-a5c4a294426742b8882bc6a4b2a9defb.json
02-direct-grpo-screen-qwen397-all-claims-v3-modal-seed42,ep-2f50e0205dc74df4946d2b5c7842bfa5,evaluation,import-fef702f182535e534533bdc0,0.0,resolved,completed,ckpt-f1ee215de01d4d6682c40047ca9a5046,/state/artifacts/experiments/02-direct-grpo-screen-qwen397-all-claims-v3-modal-seed42/trajectories/ep-2f50e0205dc74df4946d2b5c7842bfa5.json
02-direct-grpo-screen-qwen397-all-claims-v3-modal-seed42,ep-9eceab14002244fd8b762122556abd03,evaluation,import-c6fc34340a25ce91bf221303,1.0,resolved,completed,ckpt-f1ee215de01d4d6682c40047ca9a5046,/state/artifacts/experiments/02-direct-grpo-screen-qwen397-all-claims-v3-modal-seed42/trajectories/ep-9eceab14002244fd8b762122556abd03.json
02-direct-grpo-screen-qwen397-all-claims-v3-modal-seed42,ep-a65a905a0a27407a98fe14dc640e064f,evaluation,import-2cd473d74c28806e0acfd8bf,0.0,resolved,completed,ckpt-f1ee215de01d4d6682c40047ca9a5046,/state/artifacts/experiments/02-direct-grpo-screen-qwen397-all-claims-v3-modal-seed42/trajectories/ep-a65a905a0a27407a98fe14dc640e064f.json
02-direct-grpo-screen-qwen397-all-claims-v3-modal-seed42,ep-4f6a66a8ab074c018c62e13fd5aff8f8,evaluation,import-a1eed3ff9ae87b27f4714f00,0.0,resolved,completed,ckpt-f1ee215de01d4d6682c40047ca9a5046,/state/artifacts/experiments/02-direct-grpo-screen-qwen397-all-claims-v3-modal-seed42/trajectories/ep-4f6a66a8ab074c018c62e13fd5aff8f8.json
02-direct-grpo-screen-qwen397-all-claims-v3-modal-seed42,ep-9be76af1b1584565a63cf2e194df2859,evaluation,import-74bda56d926ef4560e3b4c41,1.0,resolved,completed,ckpt-f1ee215de01d4d6682c40047ca9a5046,/state/artifacts/experiments/02-direct-grpo-screen-qwen397-all-claims-v3-modal-seed42/trajectories/ep-9be76af1b1584565a63cf2e194df2859.json
02-direct-grpo-screen-qwen397-all-claims-v3-modal-seed42,ep-85bf9b9446d8414eb7212e839b966851,evaluation,import-ab4db8ead9fe0ddfcfa7d333,0.0,resolved,completed,ckpt-f1ee215de01d4d6682c40047ca9a5046,/state/artifacts/experiments/02-direct-grpo-screen-qwen397-all-claims-v3-modal-seed42/trajectories/ep-85bf9b9446d8414eb7212e839b966851.json
02-direct-grpo-screen-qwen397-all-claims-v3-modal-seed42,ep-0b8a70c16640449dad8c4e9ceaa9815c,evaluation,import-19e9bb1ce7326cfc87908604,1.0,resolved,completed,ckpt-f1ee215de01d4d6682c40047ca9a5046,/state/artifacts/experiments/02-direct-grpo-screen-qwen397-all-claims-v3-modal-seed42/trajectories/ep-0b8a70c16640449dad8c4e9ceaa9815c.json
02-direct-grpo-screen-qwen397-all-claims-v3-modal-seed42,ep-1698bf81b62743ec9add77ac094e2489,evaluation,import-300de5be57b63f9b6b072a9a,,unresolved,completed,ckpt-f1ee215de01d4d6682c40047ca9a5046,/state/artifacts/experiments/02-direct-grpo-screen-qwen397-all-claims-v3-modal-seed42/trajectories/ep-1698bf81b62743ec9add77ac094e2489.json
02-direct-grpo-screen-qwen397-all-claims-v3-modal-seed42,ep-d58a62c9085d44daabf17d7ad3a78bab,evaluation,import-2f62436038689e7a08ed6f40,0.0,resolved,completed,ckpt-f1ee215de01d4d6682c40047ca9a5046,/state/artifacts/experiments/02-direct-grpo-screen-qwen397-all-claims-v3-modal-seed42/trajectories/ep-d58a62c9085d44daabf17d7ad3a78bab.json
03-lr-5e-6-small-screen-qwen397-all-claims-v3-modal-seed42,ep-7e92bc38a9844a548642be7ccd074b57,evaluation,import-ce28a9cd8598c38c913483a8,0,resolved,completed,ckpt-e3079c68f2c04736a11dd7b92100201e,/state/artifacts/experiments/03-lr-5e-6-small-screen-qwen397-all-claims-v3-modal-seed42/trajectories/ep-7e92bc38a9844a548642be7ccd074b57.json
03-lr-5e-6-small-screen-qwen397-all-claims-v3-modal-seed42,ep-ddc72ff6ab3b486c9f02c7f718ba0990,evaluation,import-dd6ba2db772f5d50e095202f,0,resolved,budget_exhausted,ckpt-e3079c68f2c04736a11dd7b92100201e,/state/artifacts/experiments/03-lr-5e-6-small-screen-qwen397-all-claims-v3-modal-seed42/trajectories/ep-ddc72ff6ab3b486c9f02c7f718ba0990.json
03-lr-5e-6-small-screen-qwen397-all-claims-v3-modal-seed42,ep-f863cd4e90664718b7fa60a5b156f7e2,evaluation,import-228dfe7017bcbef5e6cfbe5f,0,resolved,budget_exhausted,ckpt-e3079c68f2c04736a11dd7b92100201e,/state/artifacts/experiments/03-lr-5e-6-small-screen-qwen397-all-claims-v3-modal-seed42/trajectories/ep-f863cd4e90664718b7fa60a5b156f7e2.json
03-lr-5e-6-small-screen-qwen397-all-claims-v3-modal-seed42,ep-4d4128e07f994d19918fedd17d67ca13,evaluation,import-83110e323c2efed311cc105b,0,resolved,completed,ckpt-e3079c68f2c04736a11dd7b92100201e,/state/artifacts/experiments/03-lr-5e-6-small-screen-qwen397-all-claims-v3-modal-seed42/trajectories/ep-4d4128e07f994d19918fedd17d67ca13.json
03-lr-5e-6-small-screen-qwen397-all-claims-v3-modal-seed42,ep-3369599fab3f44a687de20fccf13745d,evaluation,import-a1eed3ff9ae87b27f4714f00,0.0,resolved,completed,ckpt-e3079c68f2c04736a11dd7b92100201e,/state/artifacts/experiments/03-lr-5e-6-small-screen-qwen397-all-claims-v3-modal-seed42/trajectories/ep-3369599fab3f44a687de20fccf13745d.json
03-lr-5e-6-small-screen-qwen397-all-claims-v3-modal-seed42,ep-a20a08420d524ff48e6c465b034b0904,evaluation,import-fef702f182535e534533bdc0,0.0,resolved,completed,ckpt-e3079c68f2c04736a11dd7b92100201e,/state/artifacts/experiments/03-lr-5e-6-small-screen-qwen397-all-claims-v3-modal-seed42/trajectories/ep-a20a08420d524ff48e6c465b034b0904.json
03-lr-5e-6-small-screen-qwen397-all-claims-v3-modal-seed42,ep-fdf92a95ca7443fdaa144734ca7ff81b,evaluation,import-17422b22d16d64b11ac50cbc,,unresolved,completed,ckpt-e3079c68f2c04736a11dd7b92100201e,/state/artifacts/experiments/03-lr-5e-6-small-screen-qwen397-all-claims-v3-modal-seed42/trajectories/ep-fdf92a95ca7443fdaa144734ca7ff81b.json
03-lr-5e-6-small-screen-qwen397-all-claims-v3-modal-seed42,ep-89534686f64b4f73a59fbdf0af28c1f3,evaluation,import-60456a08ebdf9cc210dd4eb3,0.0,resolved,completed,ckpt-e3079c68f2c04736a11dd7b92100201e,/state/artifacts/experiments/03-lr-5e-6-small-screen-qwen397-all-claims-v3-modal-seed42/trajectories/ep-89534686f64b4f73a59fbdf0af28c1f3.json
03-lr-5e-6-small-screen-qwen397-all-claims-v3-modal-seed42,ep-b63bef9b740943a2a838d63d62f3f712,evaluation,import-b3a3034800814aaddeb67f0d,0.0,resolved,completed,ckpt-e3079c68f2c04736a11dd7b92100201e,/state/artifacts/experiments/03-lr-5e-6-small-screen-qwen397-all-claims-v3-modal-seed42/trajectories/ep-b63bef9b740943a2a838d63d62f3f712.json
03-lr-5e-6-small-screen-qwen397-all-claims-v3-modal-seed42,ep-b4ab2d25ff3a4ccf9a16dac4fe61157a,evaluation,import-2cd473d74c28806e0acfd8bf,0.0,resolved,completed,ckpt-e3079c68f2c04736a11dd7b92100201e,/state/artifacts/experiments/03-lr-5e-6-small-screen-qwen397-all-claims-v3-modal-seed42/trajectories/ep-b4ab2d25ff3a4ccf9a16dac4fe61157a.json
03-lr-5e-6-small-screen-qwen397-all-claims-v3-modal-seed42,ep-13167a8cb0b342cd8f871d5aa222a2ff,evaluation,import-2f62436038689e7a08ed6f40,0.0,resolved,completed,ckpt-e3079c68f2c04736a11dd7b92100201e,/state/artifacts/experiments/03-lr-5e-6-small-screen-qwen397-all-claims-v3-modal-seed42/trajectories/ep-13167a8cb0b342cd8f871d5aa222a2ff.json
03-lr-5e-6-small-screen-qwen397-all-claims-v3-modal-seed42,ep-4cb441cde81a4152a0a0650b88caa6ad,evaluation,import-c6fc34340a25ce91bf221303,0.0,resolved,completed,ckpt-e3079c68f2c04736a11dd7b92100201e,/state/artifacts/experiments/03-lr-5e-6-small-screen-qwen397-all-claims-v3-modal-seed42/trajectories/ep-4cb441cde81a4152a0a0650b88caa6ad.json
03-lr-5e-6-small-screen-qwen397-all-claims-v3-modal-seed42,ep-9a912ecc160e4c37b67d18119a64b885,evaluation,import-74bda56d926ef4560e3b4c41,1.0,resolved,completed,ckpt-e3079c68f2c04736a11dd7b92100201e,/state/artifacts/experiments/03-lr-5e-6-small-screen-qwen397-all-claims-v3-modal-seed42/trajectories/ep-9a912ecc160e4c37b67d18119a64b885.json
03-lr-5e-6-small-screen-qwen397-all-claims-v3-modal-seed42,ep-22e6c92cb294464894c11dcb72deeefe,evaluation,import-19e9bb1ce7326cfc87908604,1.0,resolved,completed,ckpt-e3079c68f2c04736a11dd7b92100201e,/state/artifacts/experiments/03-lr-5e-6-small-screen-qwen397-all-claims-v3-modal-seed42/trajectories/ep-22e6c92cb294464894c11dcb72deeefe.json
03-lr-5e-6-small-screen-qwen397-all-claims-v3-modal-seed42,ep-7ff8e58c26b6447faac6f64a48904f31,evaluation,import-ab4db8ead9fe0ddfcfa7d333,0.0,resolved,completed,ckpt-e3079c68f2c04736a11dd7b92100201e,/state/artifacts/experiments/03-lr-5e-6-small-screen-qwen397-all-claims-v3-modal-seed42/trajectories/ep-7ff8e58c26b6447faac6f64a48904f31.json
03-lr-5e-6-small-screen-qwen397-all-claims-v3-modal-seed42,ep-320c8d2ecdd74e06bdb2a3f3138a0cd3,evaluation,import-300de5be57b63f9b6b072a9a,,unresolved,completed,ckpt-e3079c68f2c04736a11dd7b92100201e,/state/artifacts/experiments/03-lr-5e-6-small-screen-qwen397-all-claims-v3-modal-seed42/trajectories/ep-320c8d2ecdd74e06bdb2a3f3138a0cd3.json
03-lr-5e-6-small-screen-qwen397-all-claims-v3-modal-seed42,ep-80241fd7133d40529b501abb65c3f57e,training,,0,resolved,completed,,/state/artifacts/experiments/03-lr-5e-6-small-screen-qwen397-all-claims-v3-modal-seed42/trajectories/ep-80241fd7133d40529b501abb65c3f57e.json
03-lr-5e-6-small-screen-qwen397-all-claims-v3-modal-seed42,ep-0c5ca8f50ba444cd83b1859eb2ea0995,training,,0,resolved,budget_exhausted,,/state/artifacts/experiments/03-lr-5e-6-small-screen-qwen397-all-claims-v3-modal-seed42/trajectories/ep-0c5ca8f50ba444cd83b1859eb2ea0995.json
03-lr-5e-6-small-screen-qwen397-all-claims-v3-modal-seed42,ep-c8c11cb8a84f4f6795c036d31873e975,training,,0,resolved,budget_exhausted,,/state/artifacts/experiments/03-lr-5e-6-small-screen-qwen397-all-claims-v3-modal-seed42/trajectories/ep-c8c11cb8a84f4f6795c036d31873e975.json
03-lr-5e-6-small-screen-qwen397-all-claims-v3-modal-seed42,ep-c366d78ffc284ee997fd696c7a87c863,training,,0,resolved,budget_exhausted,,/state/artifacts/experiments/03-lr-5e-6-small-screen-qwen397-all-claims-v3-modal-seed42/trajectories/ep-c366d78ffc284ee997fd696c7a87c863.json
03-lr-5e-6-small-screen-qwen397-all-claims-v3-modal-seed42,ep-bb41d966480c40838b5672e6dd8ae917,training,,0,resolved,budget_exhausted,,/state/artifacts/experiments/03-lr-5e-6-small-screen-qwen397-all-claims-v3-modal-seed42/trajectories/ep-bb41d966480c40838b5672e6dd8ae917.json
03-lr-5e-6-small-screen-qwen397-all-claims-v3-modal-seed42,ep-fce8437253c84b108d10236faa6c9329,training,,,unresolved,completed,,/state/artifacts/experiments/03-lr-5e-6-small-screen-qwen397-all-claims-v3-modal-seed42/trajectories/ep-fce8437253c84b108d10236faa6c9329.json
03-lr-5e-6-small-screen-qwen397-all-claims-v3-modal-seed42,ep-c5f7064bacfe4bc593d29793b2f7b433,training,,0,resolved,budget_exhausted,,/state/artifacts/experiments/03-lr-5e-6-small-screen-qwen397-all-claims-v3-modal-seed42/trajectories/ep-c5f7064bacfe4bc593d29793b2f7b433.json
03-lr-5e-6-small-screen-qwen397-all-claims-v3-modal-seed42,ep-c6f0548f556a495c8ad4aac8e77b8e89,training,,0.0,resolved,completed,,/state/artifacts/experiments/03-lr-5e-6-small-screen-qwen397-all-claims-v3-modal-seed42/trajectories/ep-c6f0548f556a495c8ad4aac8e77b8e89.json
03-lr-5e-6-small-screen-qwen397-all-claims-v3-modal-seed42,ep-1dc363a96c2842e5aac05e7e7bc5d0a3,training,,0,resolved,budget_exhausted,,/state/artifacts/experiments/03-lr-5e-6-small-screen-qwen397-all-claims-v3-modal-seed42/trajectories/ep-1dc363a96c2842e5aac05e7e7bc5d0a3.json
03-lr-5e-6-small-screen-qwen397-all-claims-v3-modal-seed42,ep-01eaf5d4a41b42a8bbf41c6f4f15f994,training,,0,resolved,budget_exhausted,,/state/artifacts/experiments/03-lr-5e-6-small-screen-qwen397-all-claims-v3-modal-seed42/trajectories/ep-01eaf5d4a41b42a8bbf41c6f4f15f994.json
03-lr-5e-6-small-screen-qwen397-all-claims-v3-modal-seed42,ep-7c8d28e0f3994738b12642721030b111,training,,0,resolved,completed,,/state/artifacts/experiments/03-lr-5e-6-small-screen-qwen397-all-claims-v3-modal-seed42/trajectories/ep-7c8d28e0f3994738b12642721030b111.json
03-lr-5e-6-small-screen-qwen397-all-claims-v3-modal-seed42,ep-962c62889e464e4b878a78e091ab1a9c,training,,0.0,resolved,completed,,/state/artifacts/experiments/03-lr-5e-6-small-screen-qwen397-all-claims-v3-modal-seed42/trajectories/ep-962c62889e464e4b878a78e091ab1a9c.json
03-lr-5e-6-small-screen-qwen397-all-claims-v3-modal-seed42,ep-fe27891de8b345c59772c6d55436a1fb,training,,0,resolved,budget_exhausted,,/state/artifacts/experiments/03-lr-5e-6-small-screen-qwen397-all-claims-v3-modal-seed42/trajectories/ep-fe27891de8b345c59772c6d55436a1fb.json
03-lr-5e-6-small-screen-qwen397-all-claims-v3-modal-seed42,ep-362ac60fc9f04ae7a0709f8f298cb5ad,training,,,unresolved,completed,,/state/artifacts/experiments/03-lr-5e-6-small-screen-qwen397-all-claims-v3-modal-seed42/trajectories/ep-362ac60fc9f04ae7a0709f8f298cb5ad.json
03-lr-5e-6-small-screen-qwen397-all-claims-v3-modal-seed42,ep-ff93015579fd40f483f2505362a00d31,training,,0,resolved,budget_exhausted,,/state/artifacts/experiments/03-lr-5e-6-small-screen-qwen397-all-claims-v3-modal-seed42/trajectories/ep-ff93015579fd40f483f2505362a00d31.json
03-lr-5e-6-small-screen-qwen397-all-claims-v3-modal-seed42,ep-bec5ca9f41704bf3b725b43a2b8a728b,training,,0.0,resolved,completed,,/state/artifacts/experiments/03-lr-5e-6-small-screen-qwen397-all-claims-v3-modal-seed42/trajectories/ep-bec5ca9f41704bf3b725b43a2b8a728b.json
03-lr-5e-6-small-screen-qwen397-all-claims-v3-modal-seed42,ep-8043684e99d14aa483ad1593895f8f27,training,,0,resolved,completed,,/state/artifacts/experiments/03-lr-5e-6-small-screen-qwen397-all-claims-v3-modal-seed42/trajectories/ep-8043684e99d14aa483ad1593895f8f27.json
03-lr-5e-6-small-screen-qwen397-all-claims-v3-modal-seed42,ep-2843366a2bcd4fa0987b414706add6e7,training,,0,resolved,completed,,/state/artifacts/experiments/03-lr-5e-6-small-screen-qwen397-all-claims-v3-modal-seed42/trajectories/ep-2843366a2bcd4fa0987b414706add6e7.json
03-lr-5e-6-small-screen-qwen397-all-claims-v3-modal-seed42,ep-8f1734cf5d9e428fbcf76cc632398a51,training,,0,resolved,completed,,/state/artifacts/experiments/03-lr-5e-6-small-screen-qwen397-all-claims-v3-modal-seed42/trajectories/ep-8f1734cf5d9e428fbcf76cc632398a51.json
03-lr-5e-6-small-screen-qwen397-all-claims-v3-modal-seed42,ep-49f2ed4c0a854ba795ec544708395170,training,,0,resolved,completed,,/state/artifacts/experiments/03-lr-5e-6-small-screen-qwen397-all-claims-v3-modal-seed42/trajectories/ep-49f2ed4c0a854ba795ec544708395170.json
03-lr-5e-6-small-screen-qwen397-all-claims-v3-modal-seed42,ep-4a01e9a402de42c9b02010ad69362017,training,,0,resolved,completed,,/state/artifacts/experiments/03-lr-5e-6-small-screen-qwen397-all-claims-v3-modal-seed42/trajectories/ep-4a01e9a402de42c9b02010ad69362017.json
03-lr-5e-6-small-screen-qwen397-all-claims-v3-modal-seed42,ep-d6dc8a3dd2e94c71ae1d8dc76fdc953f,training,,0,resolved,budget_exhausted,,/state/artifacts/experiments/03-lr-5e-6-small-screen-qwen397-all-claims-v3-modal-seed42/trajectories/ep-d6dc8a3dd2e94c71ae1d8dc76fdc953f.json
03-lr-5e-6-small-screen-qwen397-all-claims-v3-modal-seed42,ep-1e4dd4cce19c4a5d830e44c8ab4b665f,training,,,unresolved,completed,,/state/artifacts/experiments/03-lr-5e-6-small-screen-qwen397-all-claims-v3-modal-seed42/trajectories/ep-1e4dd4cce19c4a5d830e44c8ab4b665f.json
03-lr-5e-6-small-screen-qwen397-all-claims-v3-modal-seed42,ep-0c2418ed719749fa92fc721a17070f1d,training,,0,resolved,completed,,/state/artifacts/experiments/03-lr-5e-6-small-screen-qwen397-all-claims-v3-modal-seed42/trajectories/ep-0c2418ed719749fa92fc721a17070f1d.json
03-lr-5e-6-small-screen-qwen397-all-claims-v3-modal-seed42,ep-52a1a93ddee54ee8840d0c8adb2d29b3,training,,,unresolved,completed,,/state/artifacts/experiments/03-lr-5e-6-small-screen-qwen397-all-claims-v3-modal-seed42/trajectories/ep-52a1a93ddee54ee8840d0c8adb2d29b3.json
03-lr-5e-6-small-screen-qwen397-all-claims-v3-modal-seed42,ep-31281bf001614c7aa1bb723797770535,training,,,unresolved,completed,,/state/artifacts/experiments/03-lr-5e-6-small-screen-qwen397-all-claims-v3-modal-seed42/trajectories/ep-31281bf001614c7aa1bb723797770535.json
03-lr-5e-6-small-screen-qwen397-all-claims-v3-modal-seed42,ep-10b5ed1ff6674dfc9d217ba9e61ba970,training,,0,resolved,completed,,/state/artifacts/experiments/03-lr-5e-6-small-screen-qwen397-all-claims-v3-modal-seed42/trajectories/ep-10b5ed1ff6674dfc9d217ba9e61ba970.json
03-lr-5e-6-small-screen-qwen397-all-claims-v3-modal-seed42,ep-501634cc88754152a7567e90ca378620,training,,0,resolved,budget_exhausted,,/state/artifacts/experiments/03-lr-5e-6-small-screen-qwen397-all-claims-v3-modal-seed42/trajectories/ep-501634cc88754152a7567e90ca378620.json
03-lr-5e-6-small-screen-qwen397-all-claims-v3-modal-seed42,ep-50eb70feaf9f43ff93d1a592e276bc7a,training,,0,resolved,budget_exhausted,,/state/artifacts/experiments/03-lr-5e-6-small-screen-qwen397-all-claims-v3-modal-seed42/trajectories/ep-50eb70feaf9f43ff93d1a592e276bc7a.json
03-lr-5e-6-small-screen-qwen397-all-claims-v3-modal-seed42,ep-982d8ee9525e499890f8f24eef90b569,training,,0,resolved,budget_exhausted,,/state/artifacts/experiments/03-lr-5e-6-small-screen-qwen397-all-claims-v3-modal-seed42/trajectories/ep-982d8ee9525e499890f8f24eef90b569.json
03-lr-5e-6-small-screen-qwen397-all-claims-v3-modal-seed42,ep-5c423f49a2f845638460e241f35dd355,training,,,unresolved,completed,,/state/artifacts/experiments/03-lr-5e-6-small-screen-qwen397-all-claims-v3-modal-seed42/trajectories/ep-5c423f49a2f845638460e241f35dd355.json
03-lr-5e-6-small-screen-qwen397-all-claims-v3-modal-seed42,ep-b83bb4b60b884c5bb287ba14a17d45d1,training,,,unresolved,completed,,/state/artifacts/experiments/03-lr-5e-6-small-screen-qwen397-all-claims-v3-modal-seed42/trajectories/ep-b83bb4b60b884c5bb287ba14a17d45d1.json
03-lr-5e-6-small-screen-qwen397-all-claims-v3-modal-seed42,ep-091105ae1dba4bd3b4dbd4322d9203af,training,,0,resolved,completed,,/state/artifacts/experiments/03-lr-5e-6-small-screen-qwen397-all-claims-v3-modal-seed42/trajectories/ep-091105ae1dba4bd3b4dbd4322d9203af.json
03-lr-5e-6-small-screen-qwen397-all-claims-v3-modal-seed42,ep-8d674a81825946cf853041c07379dc77,training,,0,resolved,completed,,/state/artifacts/experiments/03-lr-5e-6-small-screen-qwen397-all-claims-v3-modal-seed42/trajectories/ep-8d674a81825946cf853041c07379dc77.json
03-lr-5e-6-small-screen-qwen397-all-claims-v3-modal-seed42,ep-8ad7a17a04ae46b8b70ddae03039c5ad,training,,0,resolved,completed,,/state/artifacts/experiments/03-lr-5e-6-small-screen-qwen397-all-claims-v3-modal-seed42/trajectories/ep-8ad7a17a04ae46b8b70ddae03039c5ad.json
03-lr-5e-6-small-screen-qwen397-all-claims-v3-modal-seed42,ep-cc8e4359488a4a0bbb12c27f10fa8fa0,training,,0,resolved,completed,,/state/artifacts/experiments/03-lr-5e-6-small-screen-qwen397-all-claims-v3-modal-seed42/trajectories/ep-cc8e4359488a4a0bbb12c27f10fa8fa0.json
03-lr-5e-6-small-screen-qwen397-all-claims-v3-modal-seed42,ep-b5a5bcb8cab9499cb3d89a0519d70fbc,training,,0,resolved,completed,,/state/artifacts/experiments/03-lr-5e-6-small-screen-qwen397-all-claims-v3-modal-seed42/trajectories/ep-b5a5bcb8cab9499cb3d89a0519d70fbc.json
03-lr-5e-6-small-screen-qwen397-all-claims-v3-modal-seed42,ep-2340d8aaa50f414fa71952ef08fb4491,training,,0,resolved,budget_exhausted,,/state/artifacts/experiments/03-lr-5e-6-small-screen-qwen397-all-claims-v3-modal-seed42/trajectories/ep-2340d8aaa50f414fa71952ef08fb4491.json
03-lr-5e-6-small-screen-qwen397-all-claims-v3-modal-seed42,ep-e7148d82d782406e9ed1f0d05c516ff6,training,,0,resolved,budget_exhausted,,/state/artifacts/experiments/03-lr-5e-6-small-screen-qwen397-all-claims-v3-modal-seed42/trajectories/ep-e7148d82d782406e9ed1f0d05c516ff6.json
03-lr-5e-6-small-screen-qwen397-all-claims-v3-modal-seed42,ep-bad2a7e8b100419e8b9493d50d8e9e43,training,,0,resolved,completed,,/state/artifacts/experiments/03-lr-5e-6-small-screen-qwen397-all-claims-v3-modal-seed42/trajectories/ep-bad2a7e8b100419e8b9493d50d8e9e43.json
03-lr-5e-6-small-screen-qwen397-all-claims-v3-modal-seed42,ep-b1dcf8b69f314f9ab6b119210afed8d6,training,,0,resolved,completed,,/state/artifacts/experiments/03-lr-5e-6-small-screen-qwen397-all-claims-v3-modal-seed42/trajectories/ep-b1dcf8b69f314f9ab6b119210afed8d6.json
03-lr-5e-6-small-screen-qwen397-all-claims-v3-modal-seed42,ep-c7c013d6b1684be8aa9f17d79c8fedc1,training,,0,resolved,budget_exhausted,,/state/artifacts/experiments/03-lr-5e-6-small-screen-qwen397-all-claims-v3-modal-seed42/trajectories/ep-c7c013d6b1684be8aa9f17d79c8fedc1.json
03-lr-5e-6-small-screen-qwen397-all-claims-v3-modal-seed42,ep-ea2fca8f368e45cfad49b76821b26c3c,training,,0,resolved,budget_exhausted,,/state/artifacts/experiments/03-lr-5e-6-small-screen-qwen397-all-claims-v3-modal-seed42/trajectories/ep-ea2fca8f368e45cfad49b76821b26c3c.json
03-lr-5e-6-small-screen-qwen397-all-claims-v3-modal-seed42,ep-a3dcf7a992554070b131f6f1a6f2e03e,training,,0,resolved,budget_exhausted,,/state/artifacts/experiments/03-lr-5e-6-small-screen-qwen397-all-claims-v3-modal-seed42/trajectories/ep-a3dcf7a992554070b131f6f1a6f2e03e.json
03-lr-5e-6-small-screen-qwen397-all-claims-v3-modal-seed42,ep-59394c2e735e405ba864ac0c9de38157,training,,0,resolved,budget_exhausted,,/state/artifacts/experiments/03-lr-5e-6-small-screen-qwen397-all-claims-v3-modal-seed42/trajectories/ep-59394c2e735e405ba864ac0c9de38157.json
03-lr-5e-6-small-screen-qwen397-all-claims-v3-modal-seed42,ep-a384a0f97019454e84f0ec21f7e2fbfd,training,,0.0,resolved,completed,,/state/artifacts/experiments/03-lr-5e-6-small-screen-qwen397-all-claims-v3-modal-seed42/trajectories/ep-a384a0f97019454e84f0ec21f7e2fbfd.json
03-lr-5e-6-small-screen-qwen397-all-claims-v3-modal-seed42,ep-187a08602ec34f21a72f04a9a814a180,training,,0,resolved,completed,,/state/artifacts/experiments/03-lr-5e-6-small-screen-qwen397-all-claims-v3-modal-seed42/trajectories/ep-187a08602ec34f21a72f04a9a814a180.json
03-lr-5e-6-small-screen-qwen397-all-claims-v3-modal-seed42,ep-92c111afa8ab4b05aa27d29b52c3c5c3,training,,0.0,resolved,completed,,/state/artifacts/experiments/03-lr-5e-6-small-screen-qwen397-all-claims-v3-modal-seed42/trajectories/ep-92c111afa8ab4b05aa27d29b52c3c5c3.json
03-lr-5e-6-small-screen-qwen397-all-claims-v3-modal-seed42,ep-5a1c64845342431c869fd58b1686f768,evaluation,import-ce28a9cd8598c38c913483a8,0,resolved,completed,ckpt-57780734d1884190aab43a03abd346d2,/state/artifacts/experiments/03-lr-5e-6-small-screen-qwen397-all-claims-v3-modal-seed42/trajectories/ep-5a1c64845342431c869fd58b1686f768.json
03-lr-5e-6-small-screen-qwen397-all-claims-v3-modal-seed42,ep-93cef7035e084ba1956fb2af750bc648,evaluation,import-228dfe7017bcbef5e6cfbe5f,0,resolved,budget_exhausted,ckpt-57780734d1884190aab43a03abd346d2,/state/artifacts/experiments/03-lr-5e-6-small-screen-qwen397-all-claims-v3-modal-seed42/trajectories/ep-93cef7035e084ba1956fb2af750bc648.json
03-lr-5e-6-small-screen-qwen397-all-claims-v3-modal-seed42,ep-b683a1b730264c7c989de7e8caa2c47e,evaluation,import-dd6ba2db772f5d50e095202f,0,resolved,budget_exhausted,ckpt-57780734d1884190aab43a03abd346d2,/state/artifacts/experiments/03-lr-5e-6-small-screen-qwen397-all-claims-v3-modal-seed42/trajectories/ep-b683a1b730264c7c989de7e8caa2c47e.json
03-lr-5e-6-small-screen-qwen397-all-claims-v3-modal-seed42,ep-77ade1defbb04664bb5ba68e5d603064,evaluation,import-60456a08ebdf9cc210dd4eb3,0.0,resolved,completed,ckpt-57780734d1884190aab43a03abd346d2,/state/artifacts/experiments/03-lr-5e-6-small-screen-qwen397-all-claims-v3-modal-seed42/trajectories/ep-77ade1defbb04664bb5ba68e5d603064.json
03-lr-5e-6-small-screen-qwen397-all-claims-v3-modal-seed42,ep-0b103a3a8276469dba0a226e55ce00f9,evaluation,import-fef702f182535e534533bdc0,0.0,resolved,completed,ckpt-57780734d1884190aab43a03abd346d2,/state/artifacts/experiments/03-lr-5e-6-small-screen-qwen397-all-claims-v3-modal-seed42/trajectories/ep-0b103a3a8276469dba0a226e55ce00f9.json
03-lr-5e-6-small-screen-qwen397-all-claims-v3-modal-seed42,ep-ccce018d722948a6bc6d46d29823d961,evaluation,import-83110e323c2efed311cc105b,0.0,resolved,completed,ckpt-57780734d1884190aab43a03abd346d2,/state/artifacts/experiments/03-lr-5e-6-small-screen-qwen397-all-claims-v3-modal-seed42/trajectories/ep-ccce018d722948a6bc6d46d29823d961.json
03-lr-5e-6-small-screen-qwen397-all-claims-v3-modal-seed42,ep-fb4e0659462c460c88fa12d82324fff3,evaluation,import-17422b22d16d64b11ac50cbc,0.0,resolved,completed,ckpt-57780734d1884190aab43a03abd346d2,/state/artifacts/experiments/03-lr-5e-6-small-screen-qwen397-all-claims-v3-modal-seed42/trajectories/ep-fb4e0659462c460c88fa12d82324fff3.json
03-lr-5e-6-small-screen-qwen397-all-claims-v3-modal-seed42,ep-390efc2faa8747eeae17348f32ad2416,evaluation,import-a1eed3ff9ae87b27f4714f00,0.0,resolved,completed,ckpt-57780734d1884190aab43a03abd346d2,/state/artifacts/experiments/03-lr-5e-6-small-screen-qwen397-all-claims-v3-modal-seed42/trajectories/ep-390efc2faa8747eeae17348f32ad2416.json
03-lr-5e-6-small-screen-qwen397-all-claims-v3-modal-seed42,ep-4c80b1f81668417994f4b4426716a1a3,evaluation,import-b3a3034800814aaddeb67f0d,0.0,resolved,completed,ckpt-57780734d1884190aab43a03abd346d2,/state/artifacts/experiments/03-lr-5e-6-small-screen-qwen397-all-claims-v3-modal-seed42/trajectories/ep-4c80b1f81668417994f4b4426716a1a3.json
03-lr-5e-6-small-screen-qwen397-all-claims-v3-modal-seed42,ep-80cee20818334fcd8e0639632d6850bf,evaluation,import-74bda56d926ef4560e3b4c41,1.0,resolved,completed,ckpt-57780734d1884190aab43a03abd346d2,/state/artifacts/experiments/03-lr-5e-6-small-screen-qwen397-all-claims-v3-modal-seed42/trajectories/ep-80cee20818334fcd8e0639632d6850bf.json
03-lr-5e-6-small-screen-qwen397-all-claims-v3-modal-seed42,ep-a13584f308be45479c5edbc933b965c1,evaluation,import-2cd473d74c28806e0acfd8bf,0.0,resolved,completed,ckpt-57780734d1884190aab43a03abd346d2,/state/artifacts/experiments/03-lr-5e-6-small-screen-qwen397-all-claims-v3-modal-seed42/trajectories/ep-a13584f308be45479c5edbc933b965c1.json
03-lr-5e-6-small-screen-qwen397-all-claims-v3-modal-seed42,ep-ae22a986afc1452583b789961985cb55,evaluation,import-c6fc34340a25ce91bf221303,0.0,resolved,completed,ckpt-57780734d1884190aab43a03abd346d2,/state/artifacts/experiments/03-lr-5e-6-small-screen-qwen397-all-claims-v3-modal-seed42/trajectories/ep-ae22a986afc1452583b789961985cb55.json
03-lr-5e-6-small-screen-qwen397-all-claims-v3-modal-seed42,ep-3754aa6c98784d5cb5d5c331e6a36765,evaluation,import-ab4db8ead9fe0ddfcfa7d333,0.0,resolved,completed,ckpt-57780734d1884190aab43a03abd346d2,/state/artifacts/experiments/03-lr-5e-6-small-screen-qwen397-all-claims-v3-modal-seed42/trajectories/ep-3754aa6c98784d5cb5d5c331e6a36765.json
03-lr-5e-6-small-screen-qwen397-all-claims-v3-modal-seed42,ep-df54b9209c7b467bbadb4850efd3973b,evaluation,import-19e9bb1ce7326cfc87908604,1.0,resolved,completed,ckpt-57780734d1884190aab43a03abd346d2,/state/artifacts/experiments/03-lr-5e-6-small-screen-qwen397-all-claims-v3-modal-seed42/trajectories/ep-df54b9209c7b467bbadb4850efd3973b.json
03-lr-5e-6-small-screen-qwen397-all-claims-v3-modal-seed42,ep-8d70b5e5bc4f4632947a7d596daca765,evaluation,import-2f62436038689e7a08ed6f40,0.0,resolved,completed,ckpt-57780734d1884190aab43a03abd346d2,/state/artifacts/experiments/03-lr-5e-6-small-screen-qwen397-all-claims-v3-modal-seed42/trajectories/ep-8d70b5e5bc4f4632947a7d596daca765.json
03-lr-5e-6-small-screen-qwen397-all-claims-v3-modal-seed42,ep-90f8a212b66a4d9da48db0ca2f36866b,evaluation,import-300de5be57b63f9b6b072a9a,0.0,resolved,completed,ckpt-57780734d1884190aab43a03abd346d2,/state/artifacts/experiments/03-lr-5e-6-small-screen-qwen397-all-claims-v3-modal-seed42/trajectories/ep-90f8a212b66a4d9da48db0ca2f36866b.json
throughput-c08-r1-claims-qwen397-v1-all-claims-v3-modal,ep-147e02036d90441faa4cd0ddd241de5c,benchmark,,0,resolved,budget_exhausted,,/state/artifacts/experiments/throughput-c08-r1-claims-qwen397-v1-all-claims-v3-modal/trajectories/ep-147e02036d90441faa4cd0ddd241de5c.json
throughput-c08-r1-claims-qwen397-v1-all-claims-v3-modal,ep-0af85f0adae94e0ab3877134e6a976f9,benchmark,,0,resolved,completed,,/state/artifacts/experiments/throughput-c08-r1-claims-qwen397-v1-all-claims-v3-modal/trajectories/ep-0af85f0adae94e0ab3877134e6a976f9.json
throughput-c08-r1-claims-qwen397-v1-all-claims-v3-modal,ep-e532f953cd7e4332a8f49674d6cbef8f,benchmark,,0,resolved,completed,,/state/artifacts/experiments/throughput-c08-r1-claims-qwen397-v1-all-claims-v3-modal/trajectories/ep-e532f953cd7e4332a8f49674d6cbef8f.json
throughput-c08-r1-claims-qwen397-v1-all-claims-v3-modal,ep-05060e568022432d9d0f274d6fa82025,benchmark,,0,resolved,completed,,/state/artifacts/experiments/throughput-c08-r1-claims-qwen397-v1-all-claims-v3-modal/trajectories/ep-05060e568022432d9d0f274d6fa82025.json
throughput-c08-r1-claims-qwen397-v1-all-claims-v3-modal,ep-ecde9414bf4b4ee49946f15fb18dde7f,benchmark,,0,resolved,completed,,/state/artifacts/experiments/throughput-c08-r1-claims-qwen397-v1-all-claims-v3-modal/trajectories/ep-ecde9414bf4b4ee49946f15fb18dde7f.json
throughput-c08-r1-claims-qwen397-v1-all-claims-v3-modal,ep-939cdf34eaed4618ac7261c83ae51887,benchmark,,0,resolved,budget_exhausted,,/state/artifacts/experiments/throughput-c08-r1-claims-qwen397-v1-all-claims-v3-modal/trajectories/ep-939cdf34eaed4618ac7261c83ae51887.json
throughput-c08-r1-claims-qwen397-v1-all-claims-v3-modal,ep-0e8119453aa34e86b801b05fa6ab9bcc,benchmark,,0,resolved,completed,,/state/artifacts/experiments/throughput-c08-r1-claims-qwen397-v1-all-claims-v3-modal/trajectories/ep-0e8119453aa34e86b801b05fa6ab9bcc.json
throughput-c08-r1-claims-qwen397-v1-all-claims-v3-modal,ep-66ab7a11f65e47edbfc1c80114e37510,benchmark,,0,resolved,completed,,/state/artifacts/experiments/throughput-c08-r1-claims-qwen397-v1-all-claims-v3-modal/trajectories/ep-66ab7a11f65e47edbfc1c80114e37510.json
throughput-c08-r1-claims-qwen397-v1-all-claims-v3-modal,ep-56fd5e0ff1b4410985bccdb0dfb269ac,benchmark,,0,resolved,completed,,/state/artifacts/experiments/throughput-c08-r1-claims-qwen397-v1-all-claims-v3-modal/trajectories/ep-56fd5e0ff1b4410985bccdb0dfb269ac.json
throughput-c08-r1-claims-qwen397-v1-all-claims-v3-modal,ep-36ea33ed810240c2b8f1050b6195f6b7,benchmark,,0,resolved,completed,,/state/artifacts/experiments/throughput-c08-r1-claims-qwen397-v1-all-claims-v3-modal/trajectories/ep-36ea33ed810240c2b8f1050b6195f6b7.json
throughput-c08-r1-claims-qwen397-v1-all-claims-v3-modal,ep-93f5d6e8a92a485a8b9b32c05b8b7532,benchmark,,0,resolved,budget_exhausted,,/state/artifacts/experiments/throughput-c08-r1-claims-qwen397-v1-all-claims-v3-modal/trajectories/ep-93f5d6e8a92a485a8b9b32c05b8b7532.json
throughput-c08-r1-claims-qwen397-v1-all-claims-v3-modal,ep-e58ba699112f4f7d95e225715b84366c,benchmark,,0,resolved,budget_exhausted,,/state/artifacts/experiments/throughput-c08-r1-claims-qwen397-v1-all-claims-v3-modal/trajectories/ep-e58ba699112f4f7d95e225715b84366c.json
throughput-c08-r1-claims-qwen397-v1-all-claims-v3-modal,ep-b628fb6f858b4eba8abc0bd42c6b1619,benchmark,,0.0,resolved,completed,,/state/artifacts/experiments/throughput-c08-r1-claims-qwen397-v1-all-claims-v3-modal/trajectories/ep-b628fb6f858b4eba8abc0bd42c6b1619.json
throughput-c08-r1-claims-qwen397-v1-all-claims-v3-modal,ep-afd3cb514b1644c9b26fa60986a078e2,benchmark,,0,resolved,completed,,/state/artifacts/experiments/throughput-c08-r1-claims-qwen397-v1-all-claims-v3-modal/trajectories/ep-afd3cb514b1644c9b26fa60986a078e2.json
throughput-c08-r1-claims-qwen397-v1-all-claims-v3-modal,ep-e29d1177a93747bdb2f37739bddbcd50,benchmark,,0,resolved,budget_exhausted,,/state/artifacts/experiments/throughput-c08-r1-claims-qwen397-v1-all-claims-v3-modal/trajectories/ep-e29d1177a93747bdb2f37739bddbcd50.json
throughput-c08-r1-claims-qwen397-v1-all-claims-v3-modal,ep-b3182d9f32634b4794be580474865c41,benchmark,,0,resolved,completed,,/state/artifacts/experiments/throughput-c08-r1-claims-qwen397-v1-all-claims-v3-modal/trajectories/ep-b3182d9f32634b4794be580474865c41.json
throughput-c08-r1-claims-qwen397-v1-all-claims-v3-modal,ep-17b5b03a637247f995b800ba33cf635c,benchmark,,0,resolved,completed,,/state/artifacts/experiments/throughput-c08-r1-claims-qwen397-v1-all-claims-v3-modal/trajectories/ep-17b5b03a637247f995b800ba33cf635c.json
throughput-c08-r1-claims-qwen397-v1-all-claims-v3-modal,ep-aa768f4e09894bf2922cb64c21f8496c,benchmark,,0,resolved,completed,,/state/artifacts/experiments/throughput-c08-r1-claims-qwen397-v1-all-claims-v3-modal/trajectories/ep-aa768f4e09894bf2922cb64c21f8496c.json
throughput-c08-r1-claims-qwen397-v1-all-claims-v3-modal,ep-26dff65b763144e998485a9328a14ddb,benchmark,,0,resolved,completed,,/state/artifacts/experiments/throughput-c08-r1-claims-qwen397-v1-all-claims-v3-modal/trajectories/ep-26dff65b763144e998485a9328a14ddb.json
throughput-c08-r1-claims-qwen397-v1-all-claims-v3-modal,ep-b9d515b8b39d4fb0888f4cae7df094e3,benchmark,,0,resolved,completed,,/state/artifacts/experiments/throughput-c08-r1-claims-qwen397-v1-all-claims-v3-modal/trajectories/ep-b9d515b8b39d4fb0888f4cae7df094e3.json
throughput-c08-r1-claims-qwen397-v1-all-claims-v3-modal,ep-2955be95963e4847b3a82f4e7e93763a,benchmark,,,unresolved,completed,,/state/artifacts/experiments/throughput-c08-r1-claims-qwen397-v1-all-claims-v3-modal/trajectories/ep-2955be95963e4847b3a82f4e7e93763a.json
throughput-c08-r1-claims-qwen397-v1-all-claims-v3-modal,ep-e687b26c55af4fc583c6efd553020716,benchmark,,0,resolved,completed,,/state/artifacts/experiments/throughput-c08-r1-claims-qwen397-v1-all-claims-v3-modal/trajectories/ep-e687b26c55af4fc583c6efd553020716.json
throughput-c08-r1-claims-qwen397-v1-all-claims-v3-modal,ep-bc594425ec4f41708908418020c53707,benchmark,,0,resolved,completed,,/state/artifacts/experiments/throughput-c08-r1-claims-qwen397-v1-all-claims-v3-modal/trajectories/ep-bc594425ec4f41708908418020c53707.json
throughput-c08-r1-claims-qwen397-v1-all-claims-v3-modal,ep-c9704e556bed437ea60a1c90980f5f9c,benchmark,,0,resolved,budget_exhausted,,/state/artifacts/experiments/throughput-c08-r1-claims-qwen397-v1-all-claims-v3-modal/trajectories/ep-c9704e556bed437ea60a1c90980f5f9c.json
throughput-c08-r1-claims-qwen397-v1-all-claims-v3-modal,ep-c041988db68742a5896e366fd41b9b18,benchmark,,0,resolved,budget_exhausted,,/state/artifacts/experiments/throughput-c08-r1-claims-qwen397-v1-all-claims-v3-modal/trajectories/ep-c041988db68742a5896e366fd41b9b18.json
throughput-c08-r1-claims-qwen397-v1-all-claims-v3-modal,ep-6164992cec434f629fbeda73b19f9cd9,benchmark,,0,resolved,completed,,/state/artifacts/experiments/throughput-c08-r1-claims-qwen397-v1-all-claims-v3-modal/trajectories/ep-6164992cec434f629fbeda73b19f9cd9.json
throughput-c08-r1-claims-qwen397-v1-all-claims-v3-modal,ep-ee97c7b4c9d54b22b586f7ec4082716a,benchmark,,0,resolved,budget_exhausted,,/state/artifacts/experiments/throughput-c08-r1-claims-qwen397-v1-all-claims-v3-modal/trajectories/ep-ee97c7b4c9d54b22b586f7ec4082716a.json
throughput-c08-r1-claims-qwen397-v1-all-claims-v3-modal,ep-c4ce548d42af4078a95d60383ac29e00,benchmark,,,unresolved,completed,,/state/artifacts/experiments/throughput-c08-r1-claims-qwen397-v1-all-claims-v3-modal/trajectories/ep-c4ce548d42af4078a95d60383ac29e00.json
throughput-c08-r1-claims-qwen397-v1-all-claims-v3-modal,ep-e77b62c89f694f10ab01257c5d80289b,benchmark,,0,resolved,budget_exhausted,,/state/artifacts/experiments/throughput-c08-r1-claims-qwen397-v1-all-claims-v3-modal/trajectories/ep-e77b62c89f694f10ab01257c5d80289b.json
throughput-c08-r1-claims-qwen397-v1-all-claims-v3-modal,ep-65e2422fb0bf4e1d9d56afd4dfd2641f,benchmark,,0,resolved,completed,,/state/artifacts/experiments/throughput-c08-r1-claims-qwen397-v1-all-claims-v3-modal/trajectories/ep-65e2422fb0bf4e1d9d56afd4dfd2641f.json
throughput-c08-r1-claims-qwen397-v1-all-claims-v3-modal,ep-deeb1fef3ca84ddeb606303b5c83ce08,benchmark,,0,resolved,completed,,/state/artifacts/experiments/throughput-c08-r1-claims-qwen397-v1-all-claims-v3-modal/trajectories/ep-deeb1fef3ca84ddeb606303b5c83ce08.json
throughput-c08-r1-claims-qwen397-v1-all-claims-v3-modal,ep-cbeae3c531324a55a8bf5c19837b16cb,benchmark,,0,resolved,completed,,/state/artifacts/experiments/throughput-c08-r1-claims-qwen397-v1-all-claims-v3-modal/trajectories/ep-cbeae3c531324a55a8bf5c19837b16cb.json
throughput-c08-r1-claims-qwen397-v1-all-claims-v3-modal,ep-76b5fc1d77de4170a492b752011240ec,benchmark,,0,resolved,budget_exhausted,,/state/artifacts/experiments/throughput-c08-r1-claims-qwen397-v1-all-claims-v3-modal/trajectories/ep-76b5fc1d77de4170a492b752011240ec.json
throughput-c08-r1-claims-qwen397-v1-all-claims-v3-modal,ep-da27be710ffb481ebc49f93f3e2f69d5,benchmark,,0,resolved,budget_exhausted,,/state/artifacts/experiments/throughput-c08-r1-claims-qwen397-v1-all-claims-v3-modal/trajectories/ep-da27be710ffb481ebc49f93f3e2f69d5.json
throughput-c08-r1-claims-qwen397-v1-all-claims-v3-modal,ep-b42e2acb8a234c8e94e12de329816852,benchmark,,0,resolved,completed,,/state/artifacts/experiments/throughput-c08-r1-claims-qwen397-v1-all-claims-v3-modal/trajectories/ep-b42e2acb8a234c8e94e12de329816852.json
throughput-c08-r1-claims-qwen397-v1-all-claims-v3-modal,ep-0500441cad6c4aabb81f41b92bbfde59,benchmark,,0,resolved,budget_exhausted,,/state/artifacts/experiments/throughput-c08-r1-claims-qwen397-v1-all-claims-v3-modal/trajectories/ep-0500441cad6c4aabb81f41b92bbfde59.json
throughput-c08-r1-claims-qwen397-v1-all-claims-v3-modal,ep-6b156a79358c4ad29ee170037ba51625,benchmark,,0,resolved,budget_exhausted,,/state/artifacts/experiments/throughput-c08-r1-claims-qwen397-v1-all-claims-v3-modal/trajectories/ep-6b156a79358c4ad29ee170037ba51625.json
throughput-c08-r1-claims-qwen397-v1-all-claims-v3-modal,ep-45b2364ad61c46ef87cac72f0fae3285,benchmark,,,unresolved,completed,,/state/artifacts/experiments/throughput-c08-r1-claims-qwen397-v1-all-claims-v3-modal/trajectories/ep-45b2364ad61c46ef87cac72f0fae3285.json
throughput-c08-r1-claims-qwen397-v1-all-claims-v3-modal,ep-a76fd42533c94e309f7b5a5c232744d2,benchmark,,0,resolved,completed,,/state/artifacts/experiments/throughput-c08-r1-claims-qwen397-v1-all-claims-v3-modal/trajectories/ep-a76fd42533c94e309f7b5a5c232744d2.json
throughput-c08-r1-claims-qwen397-v1-all-claims-v3-modal,ep-73a5406182e2421ba93099ab4a9c86a8,benchmark,,0.0,resolved,completed,,/state/artifacts/experiments/throughput-c08-r1-claims-qwen397-v1-all-claims-v3-modal/trajectories/ep-73a5406182e2421ba93099ab4a9c86a8.json
throughput-c08-r1-claims-qwen397-v1-all-claims-v3-modal,ep-c0bde87ed41c4e80a55b981694e25616,benchmark,,0.0,resolved,completed,,/state/artifacts/experiments/throughput-c08-r1-claims-qwen397-v1-all-claims-v3-modal/trajectories/ep-c0bde87ed41c4e80a55b981694e25616.json
throughput-c08-r1-claims-qwen397-v1-all-claims-v3-modal,ep-21db69fae48f45f3b2c3f9c191959c24,benchmark,,0,resolved,completed,,/state/artifacts/experiments/throughput-c08-r1-claims-qwen397-v1-all-claims-v3-modal/trajectories/ep-21db69fae48f45f3b2c3f9c191959c24.json
throughput-c08-r1-claims-qwen397-v1-all-claims-v3-modal,ep-379ef25c2ded42358580ab8565a58b9f,benchmark,,,unresolved,completed,,/state/artifacts/experiments/throughput-c08-r1-claims-qwen397-v1-all-claims-v3-modal/trajectories/ep-379ef25c2ded42358580ab8565a58b9f.json
throughput-c08-r1-claims-qwen397-v1-all-claims-v3-modal,ep-13964bef83824660b98aebc5ba56a728,benchmark,,0,resolved,completed,,/state/artifacts/experiments/throughput-c08-r1-claims-qwen397-v1-all-claims-v3-modal/trajectories/ep-13964bef83824660b98aebc5ba56a728.json
throughput-c08-r1-claims-qwen397-v1-all-claims-v3-modal,ep-e639cd21883849fb9c1091183048161c,benchmark,,0,resolved,budget_exhausted,,/state/artifacts/experiments/throughput-c08-r1-claims-qwen397-v1-all-claims-v3-modal/trajectories/ep-e639cd21883849fb9c1091183048161c.json
throughput-c08-r1-claims-qwen397-v1-all-claims-v3-modal,ep-650e5ce17ebc41d5b67f2bd5c1fe0a5d,benchmark,,0,resolved,completed,,/state/artifacts/experiments/throughput-c08-r1-claims-qwen397-v1-all-claims-v3-modal/trajectories/ep-650e5ce17ebc41d5b67f2bd5c1fe0a5d.json
throughput-c08-r1-claims-qwen397-v1-all-claims-v3-modal,ep-71b34e302a6b4eda8aafef5bd876e0ab,benchmark,,0,resolved,completed,,/state/artifacts/experiments/throughput-c08-r1-claims-qwen397-v1-all-claims-v3-modal/trajectories/ep-71b34e302a6b4eda8aafef5bd876e0ab.json
throughput-c08-r1-claims-qwen397-v1-all-claims-v3-modal,ep-5d5af969b88f4211b27a371950c77b35,benchmark,,0,resolved,completed,,/state/artifacts/experiments/throughput-c08-r1-claims-qwen397-v1-all-claims-v3-modal/trajectories/ep-5d5af969b88f4211b27a371950c77b35.json
throughput-c08-r1-claims-qwen397-v1-all-claims-v3-modal,ep-f742633e269a4dbba33b14efed79057c,benchmark,,0,resolved,budget_exhausted,,/state/artifacts/experiments/throughput-c08-r1-claims-qwen397-v1-all-claims-v3-modal/trajectories/ep-f742633e269a4dbba33b14efed79057c.json
throughput-c08-r1-claims-qwen397-v1-all-claims-v3-modal,ep-b5dd78d61e0b45ee92ff7e6e73872c18,benchmark,,0,resolved,budget_exhausted,,/state/artifacts/experiments/throughput-c08-r1-claims-qwen397-v1-all-claims-v3-modal/trajectories/ep-b5dd78d61e0b45ee92ff7e6e73872c18.json
throughput-c08-r1-claims-qwen397-v1-all-claims-v3-modal,ep-6fa29ad258b140b39dbbf24cc0efafba,benchmark,,0,resolved,completed,,/state/artifacts/experiments/throughput-c08-r1-claims-qwen397-v1-all-claims-v3-modal/trajectories/ep-6fa29ad258b140b39dbbf24cc0efafba.json
throughput-c08-r1-claims-qwen397-v1-all-claims-v3-modal,ep-b5fcd9447b654e97b77fb6b8fcac050c,benchmark,,0,resolved,completed,,/state/artifacts/experiments/throughput-c08-r1-claims-qwen397-v1-all-claims-v3-modal/trajectories/ep-b5fcd9447b654e97b77fb6b8fcac050c.json
throughput-c08-r1-claims-qwen397-v1-all-claims-v3-modal,ep-3dbe59e87e454302ab04a43435e7cdec,benchmark,,0,resolved,completed,,/state/artifacts/experiments/throughput-c08-r1-claims-qwen397-v1-all-claims-v3-modal/trajectories/ep-3dbe59e87e454302ab04a43435e7cdec.json
throughput-c08-r1-claims-qwen397-v1-all-claims-v3-modal,ep-77b59c36631b4261987483310ee025d6,benchmark,,0,resolved,completed,,/state/artifacts/experiments/throughput-c08-r1-claims-qwen397-v1-all-claims-v3-modal/trajectories/ep-77b59c36631b4261987483310ee025d6.json
throughput-c08-r1-claims-qwen397-v1-all-claims-v3-modal,ep-b1f28d9812e44831a8bed8b2fda8a20e,benchmark,,0,resolved,completed,,/state/artifacts/experiments/throughput-c08-r1-claims-qwen397-v1-all-claims-v3-modal/trajectories/ep-b1f28d9812e44831a8bed8b2fda8a20e.json
throughput-c08-r1-claims-qwen397-v1-all-claims-v3-modal,ep-92061898c4384f1192ea21675790428a,benchmark,,0,resolved,budget_exhausted,,/state/artifacts/experiments/throughput-c08-r1-claims-qwen397-v1-all-claims-v3-modal/trajectories/ep-92061898c4384f1192ea21675790428a.json
throughput-c08-r1-claims-qwen397-v1-all-claims-v3-modal,ep-410b0d100bbb43c0b0a5e7303b4685e5,benchmark,,,unresolved,completed,,/state/artifacts/experiments/throughput-c08-r1-claims-qwen397-v1-all-claims-v3-modal/trajectories/ep-410b0d100bbb43c0b0a5e7303b4685e5.json
throughput-c08-r1-claims-qwen397-v1-all-claims-v3-modal,ep-498e6ffbce574a6c95029a85b726a1f9,benchmark,,0,resolved,completed,,/state/artifacts/experiments/throughput-c08-r1-claims-qwen397-v1-all-claims-v3-modal/trajectories/ep-498e6ffbce574a6c95029a85b726a1f9.json
throughput-c08-r1-claims-qwen397-v1-all-claims-v3-modal,ep-ba16a0ff839a4b8c8ece7199b3bc58c8,benchmark,,0,resolved,budget_exhausted,,/state/artifacts/experiments/throughput-c08-r1-claims-qwen397-v1-all-claims-v3-modal/trajectories/ep-ba16a0ff839a4b8c8ece7199b3bc58c8.json
throughput-c08-r1-claims-qwen397-v1-all-claims-v3-modal,ep-9ee533baef5440619a500349a4897411,benchmark,,0,resolved,completed,,/state/artifacts/experiments/throughput-c08-r1-claims-qwen397-v1-all-claims-v3-modal/trajectories/ep-9ee533baef5440619a500349a4897411.json
throughput-c08-r1-claims-qwen397-v1-all-claims-v3-modal,ep-6b5b47cd6166443d892ce395d1900606,benchmark,,0,resolved,completed,,/state/artifacts/experiments/throughput-c08-r1-claims-qwen397-v1-all-claims-v3-modal/trajectories/ep-6b5b47cd6166443d892ce395d1900606.json
throughput-c08-r1-claims-qwen397-v1-all-claims-v3-modal,ep-36a0f619913141528be77dd0f36fd5be,benchmark,,0,resolved,budget_exhausted,,/state/artifacts/experiments/throughput-c08-r1-claims-qwen397-v1-all-claims-v3-modal/trajectories/ep-36a0f619913141528be77dd0f36fd5be.json
throughput-c08-r1-claims-qwen397-v1-all-claims-v3-modal,ep-a8e37161274143538778aae3a9916af2,benchmark,,0,resolved,budget_exhausted,,/state/artifacts/experiments/throughput-c08-r1-claims-qwen397-v1-all-claims-v3-modal/trajectories/ep-a8e37161274143538778aae3a9916af2.json
throughput-c08-r1-claims-qwen397-v1-all-claims-v3-modal,ep-3a30f527dee04ddcbe6dc4fac9a2c227,benchmark,,0,resolved,budget_exhausted,,/state/artifacts/experiments/throughput-c08-r1-claims-qwen397-v1-all-claims-v3-modal/trajectories/ep-3a30f527dee04ddcbe6dc4fac9a2c227.json
throughput-c16-r1-claims-qwen397-v1-all-claims-v3-modal,ep-c0f8ae3797224dd6bb9211166e87b9a8,benchmark,,0,resolved,completed,,/state/artifacts/experiments/throughput-c16-r1-claims-qwen397-v1-all-claims-v3-modal/trajectories/ep-c0f8ae3797224dd6bb9211166e87b9a8.json
throughput-c16-r1-claims-qwen397-v1-all-claims-v3-modal,ep-f3e018ce8eca4655aa7e5bd905b15a50,benchmark,,0,resolved,completed,,/state/artifacts/experiments/throughput-c16-r1-claims-qwen397-v1-all-claims-v3-modal/trajectories/ep-f3e018ce8eca4655aa7e5bd905b15a50.json
throughput-c16-r1-claims-qwen397-v1-all-claims-v3-modal,ep-28f50c3911ac4a93a4442b87253427e4,benchmark,,0,resolved,completed,,/state/artifacts/experiments/throughput-c16-r1-claims-qwen397-v1-all-claims-v3-modal/trajectories/ep-28f50c3911ac4a93a4442b87253427e4.json
throughput-c16-r1-claims-qwen397-v1-all-claims-v3-modal,ep-83ff989561c44f0194d944d4cb9e1672,benchmark,,0,resolved,completed,,/state/artifacts/experiments/throughput-c16-r1-claims-qwen397-v1-all-claims-v3-modal/trajectories/ep-83ff989561c44f0194d944d4cb9e1672.json
throughput-c16-r1-claims-qwen397-v1-all-claims-v3-modal,ep-db2208de24ad4c9d9e0c60a8d30ebf4b,benchmark,,0,resolved,completed,,/state/artifacts/experiments/throughput-c16-r1-claims-qwen397-v1-all-claims-v3-modal/trajectories/ep-db2208de24ad4c9d9e0c60a8d30ebf4b.json
throughput-c16-r1-claims-qwen397-v1-all-claims-v3-modal,ep-556f7ef267e94da8a79df40e4a6f6d78,benchmark,,0,resolved,completed,,/state/artifacts/experiments/throughput-c16-r1-claims-qwen397-v1-all-claims-v3-modal/trajectories/ep-556f7ef267e94da8a79df40e4a6f6d78.json
throughput-c16-r1-claims-qwen397-v1-all-claims-v3-modal,ep-e576dd7919bb4213b511913de01829f1,benchmark,,0,resolved,budget_exhausted,,/state/artifacts/experiments/throughput-c16-r1-claims-qwen397-v1-all-claims-v3-modal/trajectories/ep-e576dd7919bb4213b511913de01829f1.json
throughput-c16-r1-claims-qwen397-v1-all-claims-v3-modal,ep-58f26d7900234551a5d6b080754f017e,benchmark,,0,resolved,completed,,/state/artifacts/experiments/throughput-c16-r1-claims-qwen397-v1-all-claims-v3-modal/trajectories/ep-58f26d7900234551a5d6b080754f017e.json
throughput-c16-r1-claims-qwen397-v1-all-claims-v3-modal,ep-dd9df2a55f73473489d77c6c80229bdf,benchmark,,0,resolved,completed,,/state/artifacts/experiments/throughput-c16-r1-claims-qwen397-v1-all-claims-v3-modal/trajectories/ep-dd9df2a55f73473489d77c6c80229bdf.json
throughput-c16-r1-claims-qwen397-v1-all-claims-v3-modal,ep-ce13120df8b940568fa0d91607e2b1d2,benchmark,,0,resolved,completed,,/state/artifacts/experiments/throughput-c16-r1-claims-qwen397-v1-all-claims-v3-modal/trajectories/ep-ce13120df8b940568fa0d91607e2b1d2.json
throughput-c16-r1-claims-qwen397-v1-all-claims-v3-modal,ep-4f97f93fbbc843bca52254cca9169dda,benchmark,,0,resolved,budget_exhausted,,/state/artifacts/experiments/throughput-c16-r1-claims-qwen397-v1-all-claims-v3-modal/trajectories/ep-4f97f93fbbc843bca52254cca9169dda.json
throughput-c16-r1-claims-qwen397-v1-all-claims-v3-modal,ep-1c38a6c3bf8148cda0ae9f8756606c52,benchmark,,0,resolved,budget_exhausted,,/state/artifacts/experiments/throughput-c16-r1-claims-qwen397-v1-all-claims-v3-modal/trajectories/ep-1c38a6c3bf8148cda0ae9f8756606c52.json
throughput-c16-r1-claims-qwen397-v1-all-claims-v3-modal,ep-04c882a997d242dd8aa0fbf7a505aec9,benchmark,,0,resolved,budget_exhausted,,/state/artifacts/experiments/throughput-c16-r1-claims-qwen397-v1-all-claims-v3-modal/trajectories/ep-04c882a997d242dd8aa0fbf7a505aec9.json
throughput-c16-r1-claims-qwen397-v1-all-claims-v3-modal,ep-c1f2a077b6e54f37bf6bb430bbcfcb59,benchmark,,0,resolved,budget_exhausted,,/state/artifacts/experiments/throughput-c16-r1-claims-qwen397-v1-all-claims-v3-modal/trajectories/ep-c1f2a077b6e54f37bf6bb430bbcfcb59.json
throughput-c16-r1-claims-qwen397-v1-all-claims-v3-modal,ep-c79b89dd324c40f3ba122085746de26e,benchmark,,0,resolved,budget_exhausted,,/state/artifacts/experiments/throughput-c16-r1-claims-qwen397-v1-all-claims-v3-modal/trajectories/ep-c79b89dd324c40f3ba122085746de26e.json
throughput-c16-r1-claims-qwen397-v1-all-claims-v3-modal,ep-3c533c8e339e4a998250c938359d0b54,benchmark,,0,resolved,completed,,/state/artifacts/experiments/throughput-c16-r1-claims-qwen397-v1-all-claims-v3-modal/trajectories/ep-3c533c8e339e4a998250c938359d0b54.json
throughput-c16-r1-claims-qwen397-v1-all-claims-v3-modal,ep-71d6a0e4db5240b68638a3bff67f9060,benchmark,,0,resolved,completed,,/state/artifacts/experiments/throughput-c16-r1-claims-qwen397-v1-all-claims-v3-modal/trajectories/ep-71d6a0e4db5240b68638a3bff67f9060.json
throughput-c16-r1-claims-qwen397-v1-all-claims-v3-modal,ep-8311950b9d24445eb16d92627ac096df,benchmark,,0,resolved,budget_exhausted,,/state/artifacts/experiments/throughput-c16-r1-claims-qwen397-v1-all-claims-v3-modal/trajectories/ep-8311950b9d24445eb16d92627ac096df.json
throughput-c16-r1-claims-qwen397-v1-all-claims-v3-modal,ep-73b7d3a690f04cc880470ac652dc11ea,benchmark,,0,resolved,budget_exhausted,,/state/artifacts/experiments/throughput-c16-r1-claims-qwen397-v1-all-claims-v3-modal/trajectories/ep-73b7d3a690f04cc880470ac652dc11ea.json
throughput-c16-r1-claims-qwen397-v1-all-claims-v3-modal,ep-6814a53208cd476886039aa54541ea0d,benchmark,,0,resolved,budget_exhausted,,/state/artifacts/experiments/throughput-c16-r1-claims-qwen397-v1-all-claims-v3-modal/trajectories/ep-6814a53208cd476886039aa54541ea0d.json
throughput-c16-r1-claims-qwen397-v1-all-claims-v3-modal,ep-68750efa333942da809e71dd51e7625f,benchmark,,0.0,resolved,completed,,/state/artifacts/experiments/throughput-c16-r1-claims-qwen397-v1-all-claims-v3-modal/trajectories/ep-68750efa333942da809e71dd51e7625f.json
throughput-c16-r1-claims-qwen397-v1-all-claims-v3-modal,ep-a3c0c1faa4b84a168940340d709cf0b1,benchmark,,0,resolved,budget_exhausted,,/state/artifacts/experiments/throughput-c16-r1-claims-qwen397-v1-all-claims-v3-modal/trajectories/ep-a3c0c1faa4b84a168940340d709cf0b1.json
throughput-c16-r1-claims-qwen397-v1-all-claims-v3-modal,ep-20f2951c2be1489ba2ca770e3136d7d8,benchmark,,0,resolved,completed,,/state/artifacts/experiments/throughput-c16-r1-claims-qwen397-v1-all-claims-v3-modal/trajectories/ep-20f2951c2be1489ba2ca770e3136d7d8.json
throughput-c16-r1-claims-qwen397-v1-all-claims-v3-modal,ep-3364d9693a34475eb4ddb8bf8e3c4f14,benchmark,,1.0,resolved,completed,,/state/artifacts/experiments/throughput-c16-r1-claims-qwen397-v1-all-claims-v3-modal/trajectories/ep-3364d9693a34475eb4ddb8bf8e3c4f14.json
throughput-c16-r1-claims-qwen397-v1-all-claims-v3-modal,ep-d78b6c9e3a9f48d29ff394fe7f52b4ee,benchmark,,1.0,resolved,completed,,/state/artifacts/experiments/throughput-c16-r1-claims-qwen397-v1-all-claims-v3-modal/trajectories/ep-d78b6c9e3a9f48d29ff394fe7f52b4ee.json
throughput-c16-r1-claims-qwen397-v1-all-claims-v3-modal,ep-22ab909ef8094f31b4177e88729fea39,benchmark,,0,resolved,budget_exhausted,,/state/artifacts/experiments/throughput-c16-r1-claims-qwen397-v1-all-claims-v3-modal/trajectories/ep-22ab909ef8094f31b4177e88729fea39.json
throughput-c16-r1-claims-qwen397-v1-all-claims-v3-modal,ep-478520e8a3d14802ae9c44667d6a3a40,benchmark,,,unresolved,completed,,/state/artifacts/experiments/throughput-c16-r1-claims-qwen397-v1-all-claims-v3-modal/trajectories/ep-478520e8a3d14802ae9c44667d6a3a40.json
throughput-c16-r1-claims-qwen397-v1-all-claims-v3-modal,ep-495266b1b33a4512bb3c05a6337f0f3c,benchmark,,0,resolved,completed,,/state/artifacts/experiments/throughput-c16-r1-claims-qwen397-v1-all-claims-v3-modal/trajectories/ep-495266b1b33a4512bb3c05a6337f0f3c.json
throughput-c16-r1-claims-qwen397-v1-all-claims-v3-modal,ep-b63aa8eb384242bba665cea6207c028a,benchmark,,,unresolved,completed,,/state/artifacts/experiments/throughput-c16-r1-claims-qwen397-v1-all-claims-v3-modal/trajectories/ep-b63aa8eb384242bba665cea6207c028a.json
throughput-c16-r1-claims-qwen397-v1-all-claims-v3-modal,ep-9f13524f90f642b1a1149a4ff6a70b02,benchmark,,0,resolved,budget_exhausted,,/state/artifacts/experiments/throughput-c16-r1-claims-qwen397-v1-all-claims-v3-modal/trajectories/ep-9f13524f90f642b1a1149a4ff6a70b02.json
throughput-c16-r1-claims-qwen397-v1-all-claims-v3-modal,ep-ee3e95f79d744b2682082da07528abc8,benchmark,,0,resolved,completed,,/state/artifacts/experiments/throughput-c16-r1-claims-qwen397-v1-all-claims-v3-modal/trajectories/ep-ee3e95f79d744b2682082da07528abc8.json
throughput-c16-r1-claims-qwen397-v1-all-claims-v3-modal,ep-b2963cc9905942f6a60df044d8eb4dad,benchmark,,0,resolved,budget_exhausted,,/state/artifacts/experiments/throughput-c16-r1-claims-qwen397-v1-all-claims-v3-modal/trajectories/ep-b2963cc9905942f6a60df044d8eb4dad.json
throughput-c16-r1-claims-qwen397-v1-all-claims-v3-modal,ep-3202a5a0d98b422b97951403ef17f95e,benchmark,,0,resolved,completed,,/state/artifacts/experiments/throughput-c16-r1-claims-qwen397-v1-all-claims-v3-modal/trajectories/ep-3202a5a0d98b422b97951403ef17f95e.json
throughput-c16-r1-claims-qwen397-v1-all-claims-v3-modal,ep-52f12b76f84d4f4bb755a76dafe01a4e,benchmark,,0,resolved,budget_exhausted,,/state/artifacts/experiments/throughput-c16-r1-claims-qwen397-v1-all-claims-v3-modal/trajectories/ep-52f12b76f84d4f4bb755a76dafe01a4e.json
throughput-c16-r1-claims-qwen397-v1-all-claims-v3-modal,ep-9cbc6ceb4b4443299766adb8b27a4322,benchmark,,0,resolved,completed,,/state/artifacts/experiments/throughput-c16-r1-claims-qwen397-v1-all-claims-v3-modal/trajectories/ep-9cbc6ceb4b4443299766adb8b27a4322.json
throughput-c16-r1-claims-qwen397-v1-all-claims-v3-modal,ep-e8bfaecf95614ad8b681739b8580cc37,benchmark,,1.0,resolved,completed,,/state/artifacts/experiments/throughput-c16-r1-claims-qwen397-v1-all-claims-v3-modal/trajectories/ep-e8bfaecf95614ad8b681739b8580cc37.json
throughput-c16-r1-claims-qwen397-v1-all-claims-v3-modal,ep-0ce14dfaec034d9aa7ca8f20710983ab,benchmark,,0,resolved,budget_exhausted,,/state/artifacts/experiments/throughput-c16-r1-claims-qwen397-v1-all-claims-v3-modal/trajectories/ep-0ce14dfaec034d9aa7ca8f20710983ab.json
throughput-c16-r1-claims-qwen397-v1-all-claims-v3-modal,ep-ef9e3c8131e94b99b1d66aa5196dc569,benchmark,,0,resolved,completed,,/state/artifacts/experiments/throughput-c16-r1-claims-qwen397-v1-all-claims-v3-modal/trajectories/ep-ef9e3c8131e94b99b1d66aa5196dc569.json
throughput-c16-r1-claims-qwen397-v1-all-claims-v3-modal,ep-311852ef83434e61a32a22a74f460ebf,benchmark,,0,resolved,completed,,/state/artifacts/experiments/throughput-c16-r1-claims-qwen397-v1-all-claims-v3-modal/trajectories/ep-311852ef83434e61a32a22a74f460ebf.json
throughput-c16-r1-claims-qwen397-v1-all-claims-v3-modal,ep-1640a697b5c54e1490031594e725a872,benchmark,,0,resolved,completed,,/state/artifacts/experiments/throughput-c16-r1-claims-qwen397-v1-all-claims-v3-modal/trajectories/ep-1640a697b5c54e1490031594e725a872.json
throughput-c16-r1-claims-qwen397-v1-all-claims-v3-modal,ep-4a1f6db7b44e44a2b26024ac210ac4c1,benchmark,,0,resolved,budget_exhausted,,/state/artifacts/experiments/throughput-c16-r1-claims-qwen397-v1-all-claims-v3-modal/trajectories/ep-4a1f6db7b44e44a2b26024ac210ac4c1.json
throughput-c16-r1-claims-qwen397-v1-all-claims-v3-modal,ep-5a2583ca5d4547888b9ffe6f79aab31c,benchmark,,0,resolved,completed,,/state/artifacts/experiments/throughput-c16-r1-claims-qwen397-v1-all-claims-v3-modal/trajectories/ep-5a2583ca5d4547888b9ffe6f79aab31c.json
throughput-c16-r1-claims-qwen397-v1-all-claims-v3-modal,ep-ac3e4b04afce4811a5e4bf5346c8147e,benchmark,,0,resolved,completed,,/state/artifacts/experiments/throughput-c16-r1-claims-qwen397-v1-all-claims-v3-modal/trajectories/ep-ac3e4b04afce4811a5e4bf5346c8147e.json
throughput-c16-r1-claims-qwen397-v1-all-claims-v3-modal,ep-52080209a7614114b48f665b3cc970f3,benchmark,,0,resolved,budget_exhausted,,/state/artifacts/experiments/throughput-c16-r1-claims-qwen397-v1-all-claims-v3-modal/trajectories/ep-52080209a7614114b48f665b3cc970f3.json
throughput-c16-r1-claims-qwen397-v1-all-claims-v3-modal,ep-d71b0932382e4e348e93722fa7b5a1ff,benchmark,,0,resolved,budget_exhausted,,/state/artifacts/experiments/throughput-c16-r1-claims-qwen397-v1-all-claims-v3-modal/trajectories/ep-d71b0932382e4e348e93722fa7b5a1ff.json
throughput-c16-r1-claims-qwen397-v1-all-claims-v3-modal,ep-ec07a0d5fb584258ac0c7578009a0594,benchmark,,0,resolved,budget_exhausted,,/state/artifacts/experiments/throughput-c16-r1-claims-qwen397-v1-all-claims-v3-modal/trajectories/ep-ec07a0d5fb584258ac0c7578009a0594.json
throughput-c16-r1-claims-qwen397-v1-all-claims-v3-modal,ep-eb0eac013f4e49e8892d50e83d9cb25a,benchmark,,0,resolved,completed,,/state/artifacts/experiments/throughput-c16-r1-claims-qwen397-v1-all-claims-v3-modal/trajectories/ep-eb0eac013f4e49e8892d50e83d9cb25a.json
throughput-c16-r1-claims-qwen397-v1-all-claims-v3-modal,ep-a0ad94587496434090ec1d08ab927408,benchmark,,0,resolved,completed,,/state/artifacts/experiments/throughput-c16-r1-claims-qwen397-v1-all-claims-v3-modal/trajectories/ep-a0ad94587496434090ec1d08ab927408.json
throughput-c16-r1-claims-qwen397-v1-all-claims-v3-modal,ep-3924e29c9b7e4527bb103b42ae647946,benchmark,,0,resolved,budget_exhausted,,/state/artifacts/experiments/throughput-c16-r1-claims-qwen397-v1-all-claims-v3-modal/trajectories/ep-3924e29c9b7e4527bb103b42ae647946.json
throughput-c16-r1-claims-qwen397-v1-all-claims-v3-modal,ep-a95f01ab2b3248f8a3e7beb8fda2c574,benchmark,,0,resolved,completed,,/state/artifacts/experiments/throughput-c16-r1-claims-qwen397-v1-all-claims-v3-modal/trajectories/ep-a95f01ab2b3248f8a3e7beb8fda2c574.json
throughput-c16-r1-claims-qwen397-v1-all-claims-v3-modal,ep-c08f86b270da4301b731d93641c692c0,benchmark,,0,resolved,completed,,/state/artifacts/experiments/throughput-c16-r1-claims-qwen397-v1-all-claims-v3-modal/trajectories/ep-c08f86b270da4301b731d93641c692c0.json
throughput-c16-r1-claims-qwen397-v1-all-claims-v3-modal,ep-e48d40e223234dd190545d45e09a46e4,benchmark,,0,resolved,completed,,/state/artifacts/experiments/throughput-c16-r1-claims-qwen397-v1-all-claims-v3-modal/trajectories/ep-e48d40e223234dd190545d45e09a46e4.json
throughput-c16-r1-claims-qwen397-v1-all-claims-v3-modal,ep-6c13d6998d0542c8aa94557e1d66a2f9,benchmark,,0,resolved,completed,,/state/artifacts/experiments/throughput-c16-r1-claims-qwen397-v1-all-claims-v3-modal/trajectories/ep-6c13d6998d0542c8aa94557e1d66a2f9.json
throughput-c16-r1-claims-qwen397-v1-all-claims-v3-modal,ep-e569babf871a4b37bc5916e4b362d0e3,benchmark,,0,resolved,completed,,/state/artifacts/experiments/throughput-c16-r1-claims-qwen397-v1-all-claims-v3-modal/trajectories/ep-e569babf871a4b37bc5916e4b362d0e3.json
throughput-c16-r1-claims-qwen397-v1-all-claims-v3-modal,ep-c9a1f44e69734e1db7992b269cc2270b,benchmark,,0,resolved,completed,,/state/artifacts/experiments/throughput-c16-r1-claims-qwen397-v1-all-claims-v3-modal/trajectories/ep-c9a1f44e69734e1db7992b269cc2270b.json
throughput-c16-r1-claims-qwen397-v1-all-claims-v3-modal,ep-8cf1bd72819b423f94f36668d85205fb,benchmark,,0,resolved,budget_exhausted,,/state/artifacts/experiments/throughput-c16-r1-claims-qwen397-v1-all-claims-v3-modal/trajectories/ep-8cf1bd72819b423f94f36668d85205fb.json
throughput-c16-r1-claims-qwen397-v1-all-claims-v3-modal,ep-fee709b4bff04493aa5f83c9968f5291,benchmark,,,unresolved,completed,,/state/artifacts/experiments/throughput-c16-r1-claims-qwen397-v1-all-claims-v3-modal/trajectories/ep-fee709b4bff04493aa5f83c9968f5291.json
throughput-c16-r1-claims-qwen397-v1-all-claims-v3-modal,ep-8609c2f977904ba2ba19286663d57d83,benchmark,,,unresolved,completed,,/state/artifacts/experiments/throughput-c16-r1-claims-qwen397-v1-all-claims-v3-modal/trajectories/ep-8609c2f977904ba2ba19286663d57d83.json
throughput-c16-r1-claims-qwen397-v1-all-claims-v3-modal,ep-dc9590c4689f4b9ea153bcac0312fc0d,benchmark,,0,resolved,budget_exhausted,,/state/artifacts/experiments/throughput-c16-r1-claims-qwen397-v1-all-claims-v3-modal/trajectories/ep-dc9590c4689f4b9ea153bcac0312fc0d.json
throughput-c16-r1-claims-qwen397-v1-all-claims-v3-modal,ep-6bbee274693b4b248b498b141edeb6f5,benchmark,,0,resolved,budget_exhausted,,/state/artifacts/experiments/throughput-c16-r1-claims-qwen397-v1-all-claims-v3-modal/trajectories/ep-6bbee274693b4b248b498b141edeb6f5.json
throughput-c16-r1-claims-qwen397-v1-all-claims-v3-modal,ep-91fbd96ac5874fd28ca1f523eddc077e,benchmark,,0,resolved,budget_exhausted,,/state/artifacts/experiments/throughput-c16-r1-claims-qwen397-v1-all-claims-v3-modal/trajectories/ep-91fbd96ac5874fd28ca1f523eddc077e.json
throughput-c16-r1-claims-qwen397-v1-all-claims-v3-modal,ep-23786246d3f14d999143f22826491405,benchmark,,0,resolved,budget_exhausted,,/state/artifacts/experiments/throughput-c16-r1-claims-qwen397-v1-all-claims-v3-modal/trajectories/ep-23786246d3f14d999143f22826491405.json
throughput-c16-r1-claims-qwen397-v1-all-claims-v3-modal,ep-933cb235c29d4d66970a836cd697a6ea,benchmark,,0,resolved,completed,,/state/artifacts/experiments/throughput-c16-r1-claims-qwen397-v1-all-claims-v3-modal/trajectories/ep-933cb235c29d4d66970a836cd697a6ea.json
throughput-c16-r1-claims-qwen397-v1-all-claims-v3-modal,ep-17f59365fc8942c8905489dd1be2a563,benchmark,,0.0,resolved,completed,,/state/artifacts/experiments/throughput-c16-r1-claims-qwen397-v1-all-claims-v3-modal/trajectories/ep-17f59365fc8942c8905489dd1be2a563.json
