task_id,family_id,control-r1_reward,control-r1_status,control-r2_reward,control-r2_status,shell-r1_reward,shell-r1_status,shell-r2_reward,shell-r2_status
import-60456a08ebdf9cc210dd4eb3,cekit/cekit,0.0,resolved,0.0,resolved,0,resolved,0,resolved
import-dd6ba2db772f5d50e095202f,cekit/cekit,,unresolved,,unresolved,0,resolved,0,resolved
import-3d933c0b7aa19317881b8fc2,cekit/cekit,0,resolved,0,resolved,0,resolved,0,resolved
import-ce28a9cd8598c38c913483a8,dwavesystems/dwave-cloud-client,0.0,resolved,0.0,resolved,0,resolved,0,resolved
import-a1eed3ff9ae87b27f4714f00,dwavesystems/dwave-cloud-client,,unresolved,,unresolved,0,resolved,0,resolved
import-e674f5f0973ad2a1fb4bafd1,dwavesystems/dwave-cloud-client,,unresolved,0.0,resolved,0,resolved,0,resolved
import-228dfe7017bcbef5e6cfbe5f,ethereum/web3.py,0,resolved,0,resolved,0,resolved,0,resolved
import-8fc8904e927b10aae810619e,ethereum/web3.py,0.0,resolved,,unresolved,0,resolved,0,resolved
import-fef702f182535e534533bdc0,frictionlessdata/frictionless-py,0.0,resolved,0.0,resolved,0,resolved,0,resolved
import-5b0c17ce8a5a26e00af2fb2a,frictionlessdata/frictionless-py,0.0,resolved,0,resolved,0,resolved,0,resolved
import-6bd8c5df2aa4e92796beba9d,frictionlessdata/frictionless-py,1.0,resolved,0.0,resolved,0,resolved,0,resolved
import-83110e323c2efed311cc105b,microsoft/pybryt,0.0,resolved,0.0,resolved,0,resolved,0,resolved
import-db220c52daf5914fdb8abda0,microsoft/pybryt,0,resolved,0.0,resolved,0,resolved,0,resolved
import-b19e6dd8d190c5f455e0e65a,microsoft/pybryt,0.0,resolved,0.0,resolved,0,resolved,0,resolved
import-17422b22d16d64b11ac50cbc,pydata/xarray,1.0,resolved,1.0,resolved,0,resolved,0,resolved
import-b3a3034800814aaddeb67f0d,pydata/xarray,1.0,resolved,1.0,resolved,0,resolved,0,resolved
import-c6fc34340a25ce91bf221303,pydata/xarray,0.0,resolved,0.0,resolved,0,resolved,0,resolved
import-2cd473d74c28806e0acfd8bf,pydata/xarray,0.0,resolved,0.0,resolved,0,resolved,0,resolved
import-2f62436038689e7a08ed6f40,pydata/xarray,0.0,resolved,0.0,resolved,0,resolved,0,resolved
import-74bda56d926ef4560e3b4c41,pydata/xarray,1.0,resolved,1.0,resolved,0,resolved,0,resolved
import-ab4db8ead9fe0ddfcfa7d333,pydata/xarray,0.0,resolved,0.0,resolved,0,resolved,0,resolved
import-19e9bb1ce7326cfc87908604,pydata/xarray,0.0,resolved,1.0,resolved,0,resolved,0,resolved
import-d01d46e4f2332bcc9798eca3,pydata/xarray,,unresolved,0.0,resolved,0,resolved,0,resolved
import-39d95e9396abbd507c034b6a,pydata/xarray,0.0,resolved,0.0,resolved,0,resolved,0,resolved
import-63788ad64cc80e41936988fb,pydata/xarray,0.0,resolved,0.0,resolved,0,resolved,0,resolved
import-feae8fe95a709a3c63709502,pydata/xarray,0.0,resolved,0.0,resolved,0,resolved,0,resolved
import-1286486da6b74ddb5248c1bc,pydata/xarray,1.0,resolved,1.0,resolved,0,resolved,0,resolved
import-188040463405615ffa93ff21,pydata/xarray,0.0,resolved,1.0,resolved,0,resolved,0,resolved
import-c0308d6990a7fa700b7354ab,pydata/xarray,0.0,resolved,0.0,resolved,0,resolved,0,resolved
import-6688bc78875d18bf296dffb7,pydata/xarray,1.0,resolved,1.0,resolved,0,resolved,0,resolved
import-300de5be57b63f9b6b072a9a,tox-dev/tox,0.0,resolved,0,resolved,0,resolved,0,resolved
import-9dd0fade4b6a864a514a1e7d,tox-dev/tox,1.0,resolved,1.0,resolved,0,resolved,0,resolved
