task_id,base_reward,final_reward,delta,base_status,final_status,base_strict,final_strict,base_episode,final_episode
import-1286486da6b74ddb5248c1bc,1.0,0.5,-0.5,resolved,resolved,1.0,1.0,ep-32019c2c336a4a77869d92f4f7c5dfcc,ep-b473897b30d2450785ffd3ea42fc4dbe
import-17422b22d16d64b11ac50cbc,1.0,0.0,-1.0,resolved,resolved,0.0,0.0,ep-d795c7447f9c48fb90769ae5150b261b,ep-c3e6614bbad346c5835fdcb430803833
import-188040463405615ffa93ff21,1.0,1.0,0.0,resolved,resolved,0.0,0.0,ep-ab6714bd84ef465d8d48014e1fa94786,ep-1e6ff027d2084a4aace1820ba786a74d
import-19e9bb1ce7326cfc87908604,0.0,0.0,0.0,resolved,resolved,0,0,ep-1d9ec2da1cac4b3789a02ffbd39369f0,ep-afc498b234a745ab9787906e536e1672
import-228dfe7017bcbef5e6cfbe5f,0.0,0.0,0.0,resolved,resolved,0.0,0,ep-1a3e0838a0e446018cb5a20b8dfb5047,ep-03f6af1211f54635bc0e6ac4f14a15f2
import-2cd473d74c28806e0acfd8bf,1.0,0.3333333333333333,-0.6666666666666667,resolved,resolved,0.0,0.0,ep-d515a0bba6734863bbd9359875ea44f1,ep-ba88b86d6a9345bc9db2c342703b375d
import-2f62436038689e7a08ed6f40,0.0,0.0,0.0,resolved,resolved,0.0,0.0,ep-25802bc788f541f0b234d160ebd32faa,ep-5887c2ec87d0428e8df1b5a82ed75b1c
import-300de5be57b63f9b6b072a9a,1.0,0.3333333333333333,-0.6666666666666667,resolved,resolved,0.0,,ep-02e78efb9fd84171bd76bfb871210ff0,ep-5ef35828f493435394c141109f1955bc
import-39d95e9396abbd507c034b6a,1.0,0.0,-1.0,resolved,resolved,0.0,0.0,ep-ed6b2089db5442cd852e7dbcef91e2c7,ep-11d0fc60cf4945c1a4a21fdfc6128669
import-3d933c0b7aa19317881b8fc2,0.0,0.0,0.0,resolved,resolved,0,0,ep-ab6c9dcc9e8e4c43be120ddbecdecdd5,ep-426065a251314248abffee00a7e73f6e
import-5b0c17ce8a5a26e00af2fb2a,0.0,0.0,0.0,resolved,resolved,0.0,0.0,ep-51bb0ca28ebb4837a6b3dc88f0d1d3a1,ep-fd880869bec643309e8cfd2ee6666ffc
import-60456a08ebdf9cc210dd4eb3,1.0,1.0,0.0,resolved,resolved,0.0,0.0,ep-2316d96b4ff349ffbc9d822615734ac9,ep-6af81c9f40e84d70b5cb022d2a10afca
import-63788ad64cc80e41936988fb,0.0,0.0,0.0,resolved,resolved,0.0,,ep-7d5dd5392977454e859998c5abbddbd9,ep-02e6345e0b6a4e23b8d5dc3e2504480f
import-6688bc78875d18bf296dffb7,1.0,1.0,0.0,resolved,resolved,1.0,0.0,ep-d8e66a21661e4488aa96f76148d26910,ep-92401826c1ca446196f88260ac3b9392
import-6bd8c5df2aa4e92796beba9d,0.0,0.0,0.0,resolved,resolved,0.0,1.0,ep-76c76a558daf467b8aac09fea7e4ecd1,ep-93172b4c3d28404baae274855000d71c
import-74bda56d926ef4560e3b4c41,1.0,1.0,0.0,resolved,resolved,1.0,1.0,ep-355b42105231462ea9e8114f2e187f53,ep-52abb4cac65941abbbecba46d29d33ce
import-83110e323c2efed311cc105b,0.3333333333333333,0.3333333333333333,0.0,resolved,resolved,0.0,0.0,ep-264254c95ddb44a8b282e2a4ddda0116,ep-a4720f412436401486ceb440091ccd1c
import-8fc8904e927b10aae810619e,0.0,0.0,0.0,resolved,resolved,0.0,0.0,ep-cfc8ab206cc04a4e925c3ee8ab3a4a1f,ep-a036318b8b4b45e0a0355502411be7ef
import-9dd0fade4b6a864a514a1e7d,1.0,1.0,0.0,resolved,resolved,1.0,1.0,ep-8c8ca0b0f2964e79aa9dc3afcf3ef920,ep-f770491451514c46ad13aeca0732690f
import-a1eed3ff9ae87b27f4714f00,0.0,0.0,0.0,resolved,resolved,0.0,0.0,ep-ebc40559f8284989b3594f19c6cd4bb8,ep-e172ec20c126463b8783b008e09c41ff
import-ab4db8ead9fe0ddfcfa7d333,0.0,1.0,1.0,resolved,resolved,0.0,0.0,ep-ce06410e341e467c9b2d51c9ca397ea6,ep-ab80b98dea214ef694972d7a4421f7bb
import-b19e6dd8d190c5f455e0e65a,1.0,1.0,0.0,resolved,resolved,1.0,0.0,ep-94e1dc9ecb6b4c2b95658d6cb0580fd7,ep-a783641b2e9c485082083d4d88bc5563
import-b3a3034800814aaddeb67f0d,1.0,1.0,0.0,resolved,resolved,0.0,1.0,ep-64fba8e4cf9c47a39caf9167a2697ecf,ep-da62d1ae28da44449be87daeeec61c17
import-c0308d6990a7fa700b7354ab,1.0,1.0,0.0,resolved,resolved,0.0,0.0,ep-46881c76a0f848bf8766ad57fcf93bd9,ep-8c762040d74e4bac9dfc47a3c27eaade
import-c6fc34340a25ce91bf221303,1.0,1.0,0.0,resolved,resolved,1.0,1.0,ep-41511c619e1048b7b2a3d9f3c0eb605d,ep-79e454da4c544446872b6c1dc12a4644
import-ce28a9cd8598c38c913483a8,0.0,0.0,0.0,resolved,resolved,0.0,,ep-f53b2a056df84ff399a2c7b77cbc6cb7,ep-a694ad7a95ce4d4d9b045ab526d7b0bb
import-d01d46e4f2332bcc9798eca3,1.0,1.0,0.0,resolved,resolved,0.0,1.0,ep-6b0a97621ff94e6783b578080421cd07,ep-3d0a5fdb80474383b7336f2bd389da1b
import-db220c52daf5914fdb8abda0,1.0,0.0,-1.0,resolved,resolved,0.0,0.0,ep-ccf5d473bff14c7aaf3f9c9637b567f5,ep-2815d386937a4e21a4f9f69d8ffff6ef
import-dd6ba2db772f5d50e095202f,1.0,1.0,0.0,resolved,resolved,0.0,0.0,ep-e3ef4b8b73354152aae3abc18f7fe005,ep-911d16b92721418e96696b9c219b0add
import-e674f5f0973ad2a1fb4bafd1,0.25,0.5,0.25,resolved,resolved,0.0,0.0,ep-eebe4ccb0ac4400faabd1ab7f896cca9,ep-3e29d3d5cc074114af160ec9a6b2ca38
import-feae8fe95a709a3c63709502,0.25,0.0,-0.25,resolved,resolved,0,0,ep-5233dac636284b959aa4cb4130147955,ep-4424579fea054f00bd709f23901218be
import-fef702f182535e534533bdc0,0.0,0.0,0.0,resolved,resolved,0.0,0.0,ep-9aead187217e4f2991df93127b55ba52,ep-3e63a4c7607b4107bce5c90af70c128e
