model,rubric,case,id,verdict,coverage,material_error,reason
Qwen/Qwen3.5-397B-A17B,original,saved-correct,c1,supported,partial,True,"The answer correctly identifies the read-only property mechanism (lines 2911-2916) preventing name modification. However, it falsely claims that get_level_variable() raises a ValueError if 'level_names is None'. The source code (line 2905) shows the check is 'if self.level_names is None', where 'self.level_names' is a property call, not a local variable or argument named 'level_names'. This misrepresentation of the code logic constitutes a material error in the explanation of error handling."
Qwen/Qwen3.5-397B-A17B,original,correct-uncited,c1,supported,complete,False,"The answer correctly identifies that the 'name' attribute is a read-only property (lines 2911-2912) returning 'self.dims[0]', and that the setter (lines 2915-2916) raises an AttributeError to prevent modification. It also correctly states that 'get_level_variable()' (lines 2903-2908) returns a new IndexVariable instance constructed from level values, ensuring immutability of the original. Finally, it accurately notes that a ValueError is raised (line 2906) if 'level_names' is None, indicating the absence of a MultiIndex."
Qwen/Qwen3.5-397B-A17B,original,partial-uncited,c1,supported,partial,False,"The answer correctly states that the name setter raises AttributeError (lines 2914-2916), which prevents in-place assignment. However, it fails to address the second part of the required claim regarding 'level extraction returns new variable' (implemented in get_level_variable at lines 2903-2908, which returns a new instance)."
Qwen/Qwen3.5-397B-A17B,original,mixed-uncited,c1,supported,partial,True,"The answer correctly states that the name setter raises AttributeError (supported by e4 lines 2914-2916). However, it falsely claims that get_level_variable modifies the original IndexVariable in place. Evidence e4 (lines 2903-2908) shows get_level_variable returns a new instance via type(self)(...), leaving the original unmodified. The claim about 'level extraction returns new variable' in the rubric is contradicted by the answer's assertion of in-place modification."
Qwen/Qwen3.5-397B-A17B,original,wrong-uncited,c1,contradicted,absent,True,"The claim states the name setter blocks assignment and level extraction returns a new variable. The answer claims the name setter permits in-place assignment and get_level_variable modifies the original object. Evidence e1 (lines 2914-2916) shows the name setter raises AttributeError, blocking assignment. Evidence e1 (lines 2903-2908) shows get_level_variable returns a new instance via type(self)(...), not modifying the original. The answer contradicts both parts of the required claim."
Qwen/Qwen3.5-397B-A17B,original,saved-partial,c1,supported,partial,False,"The answer correctly identifies that traced values are collected (via `track_value` into `observed`) and that the footprint is used for evaluation (via `StudentImplementation.from_footprint` and `stu.check`). However, the answer omits the specific mechanism described in the reference claim text: 'wraps footprint'. The code shows the list is converted into a `StudentImplementation` object (a wrapper) before evaluation. Additionally, the phrase 'evaluates references' is slightly imprecise; the student implementation (derived from the footprint) is checked *against* the references, rather than the context evaluating the references directly. Despite these omissions/imprecisions, the core flow is supported by the evidence."
Qwen/Qwen3.5-397B-A17B,original,saved-no-match,c1,insufficient,absent,False,"The candidate answer is 'finds_no_match', which provides no information regarding whether the test mixin restores defaults or changes original cosmology. The claim cannot be verified or refuted based on this output."
Qwen/Qwen3.5-397B-A17B,atomic,saved-correct,c1,supported,complete,False,"The answer correctly identifies that the name attribute is a read-only property (lines 2911-2912) and that the setter raises an AttributeError (lines 2915-2916), preventing assignment. This matches the source code in e5 and e6."
Qwen/Qwen3.5-397B-A17B,atomic,saved-correct,c2,supported,complete,False,"The answer correctly states that get_level_variable() returns a new IndexVariable instance (line 2908) constructed from level values, ensuring the original object is unchanged. The source code in e7 confirms the return statement creates a new instance via type(self)(...)."
Qwen/Qwen3.5-397B-A17B,atomic,correct-uncited,c1,supported,complete,False,"The answer correctly identifies that the name attribute is a read-only property (lines 2911-2912) and that the setter raises an AttributeError (lines 2915-2916), preventing in-place modification. This matches the source code in e4 and e5."
Qwen/Qwen3.5-397B-A17B,atomic,correct-uncited,c2,supported,complete,False,"The answer correctly states that get_level_variable() returns a new IndexVariable instance (line 2908) and raises a ValueError if level_names is None (line 2906), which indicates the absence of a MultiIndex. This is verified by evidence e6 and e7."
Qwen/Qwen3.5-397B-A17B,atomic,partial-uncited,c1,supported,complete,False,"The answer states the name setter raises AttributeError, which matches the source code at lines 2914-2916 where the setter explicitly raises AttributeError with the message 'cannot modify name of IndexVariable in-place'."
Qwen/Qwen3.5-397B-A17B,atomic,partial-uncited,c2,insufficient,absent,False,"The answer does not address the behavior of level extraction (get_level_variable) returning a new variable. While the source shows get_level_variable returns a new instance (line 2908), the answer makes no claim about this mechanism."
Qwen/Qwen3.5-397B-A17B,atomic,mixed-uncited,c1,supported,complete,False,"The answer correctly states that the name setter raises AttributeError to prevent in-place assignment. This is verified by lines 2914-2916 in evidence e1 (source_key e4), which show the setter raising AttributeError with the message 'cannot modify name of IndexVariable in-place'."
Qwen/Qwen3.5-397B-A17B,atomic,mixed-uncited,c2,contradicted,complete,True,"The answer claims get_level_variable modifies the original IndexVariable in place. However, evidence e1 (lines 2903-2908) shows the method returns a new instance via 'return type(self)(self.dims, ...)', creating a new object rather than modifying the existing one. The docstring also states it returns a 'new IndexVariable'."
Qwen/Qwen3.5-397B-A17B,atomic,wrong-uncited,c1,contradicted,absent,True,"The answer claims the name setter permits in-place assignment. The source code (e4:2914-2916) explicitly defines the name setter to raise an AttributeError with the message 'cannot modify name of IndexVariable in-place', directly contradicting the claim."
Qwen/Qwen3.5-397B-A17B,atomic,wrong-uncited,c2,contradicted,absent,True,"The answer claims get_level_variable modifies and returns the original object. The source code (e4:2903-2908) shows the method returns a new instance via 'type(self)(...)', and the docstring states it returns a 'new IndexVariable'. This contradicts the claim of modifying the original object."
Qwen/Qwen3.5-397B-A17B,atomic,saved-partial,c1,supported,partial,False,"The answer correctly identifies that traced values are collected (via `track_value` into `observed`), which aligns with the claim 'Context collects traced values'. However, the answer attributes this specifically to the `track_value` function rather than the broader 'Context' (`check` class) which orchestrates the collection via `create_collector`. The core fact of collection is supported by e2."
Qwen/Qwen3.5-397B-A17B,atomic,saved-partial,c2,insufficient,absent,False,"The claim states the context 'wraps the footprint' after collecting values. The answer mentions collecting values into an `observed` list but does not mention 'wrapping the footprint'. While e5 shows the context creates a `StudentImplementation` from the footprint (which could be interpreted as wrapping), the answer itself does not make this claim or describe this step, so coverage of this specific required claim in the answer is absent."
Qwen/Qwen3.5-397B-A17B,atomic,saved-partial,c3,supported,partial,False,"The claim states the context 'evaluates references' after wrapping. The answer states the `observed` list is 'used by the annotation system to evaluate student code'. This aligns with the evaluation step described in e5 (lines 430-431 where `stu.check(self._ref)` is called). The answer captures the evaluation aspect, though it uses 'annotation system' instead of 'context evaluates references'. The factual flow is supported."
Qwen/Qwen3.5-397B-A17B,atomic,saved-no-match,c1,insufficient,absent,False,"The answer is 'finds_no_match', providing no information about whether the test restores omitted parameter defaults. The evidence (e1, lines 164-175) shows that reading with a missing column fills in the default value, but the answer does not state this."
Qwen/Qwen3.5-397B-A17B,atomic,saved-no-match,c2,insufficient,absent,False,"The answer is 'finds_no_match', providing no information about the cosmology read back differing from the original. The evidence (e1, lines 172-173) explicitly states 'not equal, because Tcmb0 is changed', but the answer does not reflect this."
nvidia/NVIDIA-Nemotron-3-Ultra-550B-A55B-BF16,original,saved-correct,c1,supported,complete,False,The answer correctly states that the name attribute is a read-only property (lines 2911-2912) and its setter raises AttributeError (lines 2915-2916). It also correctly describes get_level_variable() returning a new IndexVariable from level values (lines 2903-2908) and raising ValueError when level_names is None (line 2906). All parts are verified against the supplied source.
nvidia/NVIDIA-Nemotron-3-Ultra-550B-A55B-BF16,original,saved-partial,c1,insufficient,absent,False,"The required claim states that Context collects traced values, wraps footprint, and evaluates references. The answer describes track_value in tracing.py collecting values into an observed list, but does not mention Context class, footprint wrapping, or reference evaluation. The evidence shows the check context manager (not Context) creates a collector, captures observed/calls, builds StudentImplementation.from_footprint, and calls stu.check(ref). No evidence supports the specific three-step claim about Context."
nvidia/NVIDIA-Nemotron-3-Ultra-550B-A55B-BF16,original,saved-no-match,c1,insufficient,absent,False,The candidate answer is 'finds_no_match' and does not address the required claim about the HTML omitted parameter test restoring defaults and changing the original cosmology. No relevant content from the answer matches the claim.
nvidia/NVIDIA-Nemotron-3-Ultra-550B-A55B-BF16,atomic,saved-correct,c1,supported,complete,False,"The source shows a read-only property 'name' (lines 2910-2912) and a setter that raises AttributeError (lines 2914-2916), confirming immutability of the name attribute."
nvidia/NVIDIA-Nemotron-3-Ultra-550B-A55B-BF16,atomic,saved-correct,c2,supported,complete,False,"The source shows get_level_variable() (lines 2903-2908) returns a new IndexVariable instance constructed from level values via type(self)(self.dims, index.get_level_values(level)), confirming it returns a new variable for MultiIndex introspection."
nvidia/NVIDIA-Nemotron-3-Ultra-550B-A55B-BF16,atomic,saved-partial,c1,insufficient,absent,False,"The answer does not mention that Context collects traced values. The rubric's required claim c1 is about a 'Context' object collecting traced values, but the answer describes a 'track_value' function and 'observed' list instead. No evidence in the answer supports this specific claim."
nvidia/NVIDIA-Nemotron-3-Ultra-550B-A55B-BF16,atomic,saved-partial,c2,insufficient,absent,False,"The answer does not mention that Context wraps the footprint after collecting traced values. The rubric's required claim c2 describes a sequential process involving Context, but the answer focuses on track_value and the observed list without referencing Context or footprint wrapping."
nvidia/NVIDIA-Nemotron-3-Ultra-550B-A55B-BF16,atomic,saved-partial,c3,insufficient,absent,False,"The answer does not mention that Context evaluates references after wrapping the footprint. The rubric's required claim c3 describes a third step in a Context-centric process, but the answer describes the annotation system using the observed list without referencing Context or reference evaluation."
nvidia/NVIDIA-Nemotron-3-Ultra-550B-A55B-BF16,atomic,saved-no-match,c1,insufficient,absent,False,The answer 'finds_no_match' does not address the required claim about the HTML omitted-parameter test restoring the omitted parameter default. No evidence from the answer supports this claim.
nvidia/NVIDIA-Nemotron-3-Ultra-550B-A55B-BF16,atomic,saved-no-match,c2,insufficient,absent,False,The answer 'finds_no_match' does not address the required claim about the cosmology read back after omitting the parameter differing from the original cosmology. No evidence from the answer supports this claim.
