model,rubric,case,status,reward,strict_score,error,reason
Qwen/Qwen3.5-397B-A17B,original,saved-correct,resolved,0.5,0.0,,"Material falsehood, contradiction, or false execution claim"
Qwen/Qwen3.5-397B-A17B,original,correct-uncited,resolved,1.0,0.0,,Substantive assertions lack supporting citations; Extracted assertions lack assessed citation support
Qwen/Qwen3.5-397B-A17B,original,partial-uncited,resolved,0.5,0.0,,Missing or unsupported required facts; Substantive assertions lack supporting citations; Extracted assertions lack assessed citation support
Qwen/Qwen3.5-397B-A17B,original,mixed-uncited,resolved,0.5,0.0,,"Material falsehood, contradiction, or false execution claim"
Qwen/Qwen3.5-397B-A17B,original,wrong-uncited,resolved,0.0,0.0,,"Material falsehood, contradiction, or false execution claim"
Qwen/Qwen3.5-397B-A17B,original,saved-partial,resolved,0.5,0.0,,Missing or unsupported required facts; Extracted assertions lack assessed citation support
Qwen/Qwen3.5-397B-A17B,original,saved-no-match,resolved,0.0,0.0,,Missing or unsupported required facts; Additional assertions are not fully supported; Substantive assertions lack supporting citations; Extracted assertions lack assessed citation support; Answerability requirements not met
Qwen/Qwen3.5-397B-A17B,atomic,saved-correct,resolved,1.0,1.0,,All submitted assertions and required claims assessed
Qwen/Qwen3.5-397B-A17B,atomic,correct-uncited,resolved,1.0,0.0,,Substantive assertions lack supporting citations; Extracted assertions lack assessed citation support
Qwen/Qwen3.5-397B-A17B,atomic,partial-uncited,resolved,0.5,0.0,,Missing or unsupported required facts; Substantive assertions lack supporting citations; Extracted assertions lack assessed citation support; Answerability requirements not met
Qwen/Qwen3.5-397B-A17B,atomic,mixed-uncited,resolved,0.5,0.0,,"Material falsehood, contradiction, or false execution claim"
Qwen/Qwen3.5-397B-A17B,atomic,wrong-uncited,resolved,0.0,0.0,,"Material falsehood, contradiction, or false execution claim"
Qwen/Qwen3.5-397B-A17B,atomic,saved-partial,resolved,0.3333333333333333,0.0,,Missing or unsupported required facts; Additional assertions are not fully supported; Extracted assertions lack assessed citation support; Citation does not entail its associated claim
Qwen/Qwen3.5-397B-A17B,atomic,saved-no-match,resolved,0.0,0.0,,Missing or unsupported required facts; Additional assertions are not fully supported; Substantive assertions lack supporting citations; Extracted assertions lack assessed citation support; Answerability requirements not met
nvidia/NVIDIA-Nemotron-3-Ultra-550B-A55B-BF16,original,saved-correct,resolved,1.0,1.0,,All submitted assertions and required claims assessed
nvidia/NVIDIA-Nemotron-3-Ultra-550B-A55B-BF16,original,correct-uncited,error,,,Unknown citation or claim ID,
nvidia/NVIDIA-Nemotron-3-Ultra-550B-A55B-BF16,original,partial-uncited,error,,,Each evidence range must have ordered endpoints and at most 600 lines,
nvidia/NVIDIA-Nemotron-3-Ultra-550B-A55B-BF16,original,mixed-uncited,error,,,Each evidence range must have ordered endpoints and at most 600 lines,
nvidia/NVIDIA-Nemotron-3-Ultra-550B-A55B-BF16,original,wrong-uncited,error,,,Each evidence range must have ordered endpoints and at most 600 lines,
nvidia/NVIDIA-Nemotron-3-Ultra-550B-A55B-BF16,original,saved-partial,unresolved,,,,Semantic assessment requires adjudication
nvidia/NVIDIA-Nemotron-3-Ultra-550B-A55B-BF16,original,saved-no-match,resolved,0.0,0.0,,Missing or unsupported required facts; Additional assertions are not fully supported; Substantive assertions lack supporting citations; Extracted assertions lack assessed citation support; Answerability requirements not met
nvidia/NVIDIA-Nemotron-3-Ultra-550B-A55B-BF16,atomic,saved-correct,resolved,1.0,1.0,,All submitted assertions and required claims assessed
nvidia/NVIDIA-Nemotron-3-Ultra-550B-A55B-BF16,atomic,correct-uncited,error,,,Unknown citation or claim ID,
nvidia/NVIDIA-Nemotron-3-Ultra-550B-A55B-BF16,atomic,partial-uncited,error,,,Each evidence range must have ordered endpoints and at most 600 lines,
nvidia/NVIDIA-Nemotron-3-Ultra-550B-A55B-BF16,atomic,mixed-uncited,error,,,Each evidence range must have ordered endpoints and at most 600 lines,
nvidia/NVIDIA-Nemotron-3-Ultra-550B-A55B-BF16,atomic,wrong-uncited,error,,,Each evidence range must have ordered endpoints and at most 600 lines,
nvidia/NVIDIA-Nemotron-3-Ultra-550B-A55B-BF16,atomic,saved-partial,resolved,0.0,0.0,,Missing or unsupported required facts; Additional assertions are not fully supported; Extracted assertions lack assessed citation support; Citation does not entail its associated claim
nvidia/NVIDIA-Nemotron-3-Ultra-550B-A55B-BF16,atomic,saved-no-match,resolved,0.0,0.0,,Missing or unsupported required facts; Additional assertions are not fully supported; Substantive assertions lack supporting citations; Extracted assertions lack assessed citation support; Answerability requirements not met
