task_id,baseline,grpo,delta,baseline_episode,grpo_episode
import-3d933c0b7aa19317881b8fc2,0,0,0,ep-eaf1a8e9a1bb4844a0d160ae163d0fac,ep-7e757decc17341f19cf5f5290a34cb51
import-fef702f182535e534533bdc0,0.0,0.0,0.0,ep-958eba553ea44e52a38ab42470a4f0d7,ep-58a57fc2a6254bad977b36812111acf5
import-83110e323c2efed311cc105b,0.0,0.0,0.0,ep-a0630759c6484942897ca7003159c90c,ep-08280be2aba64378a121696dc7633578
import-6688bc78875d18bf296dffb7,0.0,0.0,0.0,ep-d3b2b655c7ae46788cf0048ac0196ffb,ep-492d3c6222d8465581be4cb904970bd9
import-9dd0fade4b6a864a514a1e7d,1.0,1.0,0.0,ep-baabf46c57db4d2bab67a23027291192,ep-6da10045df104339b57f89de94966219
import-e674f5f0973ad2a1fb4bafd1,0.0,0.0,0.0,ep-e78ff8a0702e43de9d18dd55917fc036,ep-8ced82b662dd435796047bfb79f4a146
import-228dfe7017bcbef5e6cfbe5f,0,0.0,0.0,ep-166601a3d3db4f3dbb3b8141000c8827,ep-64c8155f3c694dfda09b54c9b4c7bea4
import-60456a08ebdf9cc210dd4eb3,0.0,0.0,0.0,ep-6c38406ad0ad406d88ed8756f43be585,ep-15ce0b3515ac476ea17de7648bd5fb6a
import-6bd8c5df2aa4e92796beba9d,1.0,0,-1.0,ep-5fd74c9fbee040279755479ac6a40f98,ep-170b4b0623d5462594314b390b6c344c
import-db220c52daf5914fdb8abda0,0,0.0,0.0,ep-e38bac32aadd46538453ff1c0b464694,ep-72eb517b5fc440f6b7711f4816914c6a
import-188040463405615ffa93ff21,0.0,0.0,0.0,ep-ea011bcbbe3c4b8eae5a00fa3c0e55b0,ep-54d8ffe61cfc45bf9e1e18ea70bfdae6
import-300de5be57b63f9b6b072a9a,,0,,ep-10f51f5468a146dc904476a70363dc30,ep-a34f4fc780694ac4ba339dbdf293e4e3
import-a1eed3ff9ae87b27f4714f00,0.0,,,ep-0475323be718432480aabd0b00d45b11,ep-52e9fc632836418ba60ccdd2ec06d366
import-8fc8904e927b10aae810619e,0.0,0.0,0.0,ep-23839bbcec984cacb622baffadfaf971,ep-7b479ba9516e4484a718dafba4fa3fd8
import-dd6ba2db772f5d50e095202f,0.0,,,ep-4606756a17e34301a271ece6ca98ff41,ep-1482d63609054b998965e79dd633b85e
import-5b0c17ce8a5a26e00af2fb2a,0.0,0,0.0,ep-24726335b736415287d0a6da63c203de,ep-f546b6b8a613446aad6f8883c8668f4f
