family,total_tasks,ranked_tasks,unranked_tasks,score_band_tasks,percentile_band_tasks,retention_rate,selected_with_strict_pass,selected_with_review_flag
astropy/astropy,48,48,0,9,24,0.1875,6,0
bridgecrewio/checkov,10,9,1,4,8,0.4,0,1
conan-io/conan,48,47,1,17,26,0.3541666666666667,6,0
django/django,48,43,5,19,31,0.3958333333333333,4,1
docker/docker-py,10,10,0,6,9,0.6,0,0
fitbenchmarking/fitbenchmarking,10,10,0,4,6,0.4,1,1
geopandas/geopandas,10,10,0,6,7,0.6,1,1
getsentry/responses,10,10,0,4,7,0.4,1,0
hgrecco/pint,10,10,0,6,9,0.6,1,0
hylang/hy,10,10,0,4,5,0.4,0,1
matplotlib/matplotlib,47,40,7,11,22,0.23404255319148937,3,0
mkdocs/mkdocs,10,10,0,2,7,0.2,1,0
mwaskom/seaborn,10,10,0,2,4,0.2,1,0
numba/numba,10,10,0,2,10,0.2,0,0
omni-us/jsonargparse,10,9,1,1,6,0.1,1,0
pallets/flask,48,48,0,16,28,0.3333333333333333,4,2
pennylaneai/pennylane,10,10,0,4,9,0.4,0,0
psf/requests,47,47,0,19,30,0.40425531914893614,4,1
pylint-dev/pylint,48,48,0,16,29,0.3333333333333333,2,1
pytest-dev/pytest,48,47,1,11,28,0.22916666666666666,1,1
python-pillow/pillow,10,10,0,3,5,0.3,0,0
qiboteam/qibo,10,10,0,2,5,0.2,0,0
reflex-dev/reflex,48,48,0,23,32,0.4791666666666667,7,0
sanic-org/sanic,10,10,0,1,4,0.1,0,0
scikit-learn/scikit-learn,48,45,3,12,25,0.25,2,0
sphinx-doc/sphinx,58,48,10,19,30,0.3275862068965517,2,1
sqlfluff/sqlfluff,58,58,0,16,29,0.27586206896551724,4,1
stfc/psyclone,10,10,0,3,6,0.3,1,0
streamlink/streamlink,46,45,1,14,21,0.30434782608695654,5,0
sympy/sympy,48,47,1,15,25,0.3125,4,1
yt-dlp/yt-dlp,10,9,1,3,7,0.3,1,0
