id,decision,reviewer_notes,recommendation,repository,question,source_url,candidate_commit,environment,difficulty,benchmark_status
PY-01,undecided,,first_pick,pydantic/pydantic,"At the supplied Pydantic commit, define Item(BaseModel) with ConfigDict(frozen=True, strict=True, extra='forbid') and quantity: int. Construct Item(quantity=1), then call model_copy(update={'quantity': 'invalid'}). Explain why copying succeeds, why Item.model_validate(copied, strict=True) can still succeed, and whether deep=True changes validation. Show a supported way to ensure the copied value is checked. Trace the copy, model-validation, and configuration paths, with source citations and a minimal reproduction.",https://github.com/pydantic/pydantic/discussions/8960,bb6da4cfbb1f559885ea2fa207ec93853bfeac64,Python 3.12 plus exact pydantic-core dependency and locked remaining dependencies; no service.,medium,incomplete
TQ-02,undecided,,first_pick,TanStack/query,"A server fetches [""report""] with staleTime: 300000 and dehydrates its cache. A fresh client with default staleTime: 5000 hydrates that data. Ten seconds after the recorded update time, a loader calls fetchQuery for the same key with staleTime: 300000. There are no observers, invalidations, or concurrent requests. Does the call invoke the query function? Trace what hydration serializes, how call options override defaults, and how freshness is computed. Explain why an option displayed in DevTools does not by itself determine this loader’s behavior.",https://github.com/TanStack/query/discussions/8936,fd96529f3e0b748874be4655516caecc5d6a0521,Node/query-core-only probe; repository pin uses pnpm@12.4.2; no browser or external service.,medium,incomplete
VT-01,undecided,,first_pick,vitest-dev/vitest,"I partially mock an external package using an async factory that calls importOriginal. After importing it once, I call vi.resetModules(), register the factory again, and import it again. A historical regression returned an empty module on the second import. At this checkout, explain the cache and RPC path that prevents this failure. Why did the regression affect external packages while a local module worked? Identify the regression test and expected behavior for repeated vi.importActual calls.",https://github.com/vitest-dev/vitest/issues/9888,ae5ec03ef98097aed2851f287a76d595582fe578,Node ^20 || ^22 || >=24; pnpm@10.31.0; monorepo build; initially Node-mode CLI tests.,high,incomplete
TOK-01,undecided,,first_pick,tokio-rs/tokio,"In a current-thread Tokio test with start_paused = true, I launch a long-lived synchronous worker with spawn_blocking. It waits on a channel while the async test waits for tokio::time::sleep. The virtual clock stops advancing until the blocking worker finishes. Why does this happen at this repository revision? Trace the interaction between blocking-task scheduling and the time driver. Explain how a dedicated thread changes the behavior, and distinguish automatic clock advancement from explicit time advancement.",https://github.com/tokio-rs/tokio/discussions/6993,30df32a13f9cf5f129b913b967ff6f137c5511d6,"Pinned Tokio checkout; Rust Linux image; rt, macros, time, sync and test-util features; no external services.",Hard: cross-file scheduler/clock/time-driver interaction,incomplete
PROM-01,undecided,,first_pick,prometheus/prometheus,"At the pinned Prometheus revision, compare two float metrics from a scrape target: one uses scrape timestamps and the other supplies explicit timestamps. With track_timestamps_staleness: false and a five-minute lookback, the target stops exposing both metrics and later is removed. Explain when instant-vector queries stop returning them. Trace scrape staleness tracking and query lookback handling, and distinguish removal from TSDB deletion. Explain how enabling timestamp staleness tracking changes the result.",https://github.com/prometheus/prometheus/issues/9221,063606dbcfdf580f80449bb998d717b74a554388,"Pinned Prometheus checkout, Go 1.26.7 Linux image, focused scrape/promql tests and local fixture exporter.","Hard: ingestion tracking, delayed cleanup, and query evaluation",incomplete
SA-01,undecided,,first_pick,sqlalchemy/sqlalchemy,"A Client has two Books, one published before a cutoff and one after. I first load Client.book completely in a Session. In that same Session I query Client with an explicit outer join restricting Books to dates before the cutoff and route the joined rows with contains_eager(Client.book). Why can the existing collection still contain both Books? Explain what populate_existing changes, and what happens if I then expire and reload the collection. Trace the loading/identity-map behavior in this checkout and distinguish filtering the SQL rows from replacing already-loaded object state. Assume pending changes are flushed and the relationship has no permanent filter.",https://github.com/sqlalchemy/sqlalchemy/discussions/7654,749086adb0cc5b966aa3854712f16e213b979310,"Python >=3.11, pinned SQLAlchemy checkout and dependencies; SQLite in-memory database; no external service. Source-reading and executable variants possible, declared separately.",medium,incomplete
PROM-02,undecided,,reserve,prometheus/prometheus,"For ordinary float-counter rate and increase at this snapshot, with start-timestamp behavior disabled and no anchored or smoothed modifier, why can losing one sample near a range boundary reduce the reported rate even if the counter's underlying slope is constant? Trace sample selection and extrapolation. Explain the threshold, endpoint adjustment, counter-reset handling, and why an internal missing sample can behave differently.",https://github.com/prometheus/prometheus/discussions/16891,063606dbcfdf580f80449bb998d717b74a554388,"Pinned Go image and focused PromQL fixture/test harness, no external service.",Hard: numeric algorithm and range-selection reasoning,incomplete
PY-02,undecided,,reserve,pydantic/pydantic,"At the supplied commit, model a configuration with required name: str and any number of additional keys whose values must validate as integers. Preserve those keys at the top level when dumping. Compare plain extra='allow' with typed extras: what happens to {'name':'demo','workers':'3'} and {'name':'demo','workers':'bad'}? Show the declaration, explain storage and error location, and trace how the extra-value schema is constructed. Is a separate after-validator using TypeAdapter necessary?",https://github.com/pydantic/pydantic/discussions/9442,bb6da4cfbb1f559885ea2fa207ec93853bfeac64,Same pinned Pydantic environment as PY-01.,medium,incomplete
PY-03,undecided,,evaluation_only,pytest-dev/pytest,"I have two schema groups, {'alpha':['A','B'], 'beta':['C']}. A parametrized fixture returns one group; a dependent fixture loops over its classes and yields each one. I expected three separately collected tests but do not get them. At this pytest commit, explain why this design cannot expand test items, including how yield fixtures are finalized. Show a collection-time solution that produces exactly (alpha,A), (alpha,B), (beta,C), with stable IDs and no cross-product. Trace collection and fixture execution with source citations.",https://github.com/pytest-dev/pytest/discussions/14140,b1de564f337c63db919a65253b931dd099909618,"Python 3.12, pinned editable pytest, locked dependencies; no external services.",medium-hard,known_repository_overlap
PY-04,undecided,,evaluation_only,pytest-dev/pytest,"In a module of doctests, one docstring has '>>> 0.  # doctest: +NUMBER' with expected '2.', and a later docstring has '>>> 1.' with expected '0.' and no directive. At the supplied pytest commit, should the first docstring's option affect the second? Trace runner creation and execution, explain how state is restored when an example fails or raises, and compare normal execution with --doctest-continue-on-failure. Cite implementation and regression coverage.",https://github.com/pytest-dev/pytest/issues/9924,b1de564f337c63db919a65253b931dd099909618,"Python 3.12, pinned editable pytest, locked dependencies, scratch doctest modules.",hard,known_repository_overlap
SA-02,undecided,,reserve,sqlalchemy/sqlalchemy,"I am migrating a legacy ORM Query to select()/Session.execute(). My result includes an explicit PostgreSQL ARRAY(ENUM) value and an entity with joined eager loading of a collection. Without unique() I get a collection-loading error; with unique() I get an unhashable-value error. Why could the legacy Query appear to work? Trace legacy uniquing, ORM result processing, and the array return type in this checkout. Explain the limits of identity-based filtering and propose a value-preserving way to make this result hashable. Distinguish an array returned as an explicit result value from an array merely stored on an entity.",https://github.com/sqlalchemy/sqlalchemy/discussions/11672,749086adb0cc5b966aa3854712f16e213b979310,"Python >=3.11; pinned SQLAlchemy checkout; PostgreSQL service, enum fixture, pinned driver, clean database reset. Source-reading candidate is feasible but cannot claim executable validation without this service.",hard,incomplete
TOK-02,undecided,,additional_choice,tokio-rs/tokio,"I spawn an async worker and pass its JoinHandle into tokio::time::timeout. The timeout expires, but the worker later completes a side effect. Explain why at the pinned revision. Contrast timing out an unspawned future, timing out an owned JoinHandle, and timing out &mut JoinHandle. Show how to cancel and observe cancellation, and explain what changes for work already running in spawn_blocking.",https://github.com/tokio-rs/tokio/discussions/7213,30df32a13f9cf5f129b913b967ff6f137c5511d6,"Same Rust image as TOK-01, deterministic channels and virtual-time tests.","Medium: ownership, future cancellation, and task lifetime",incomplete
TQ-01,undecided,,additional_choice,TanStack/query,"In this checkout, multiple React components subscribe to the same query key. I update a component’s retryDelay after it has mounted and want subsequent retries to use the new value. Trace how new hook options reach the shared Query and explain how this differs from deduplicating an in-flight request. Can I call setState and immediately expect invalidateQueries in the same event handler to observe the new options? Cite the relevant hook/observer/query path and a regression test.",https://github.com/TanStack/query/discussions/7056,605b8e957bdf0ab00208460855010a13e99c2d88,"Commit-specific Node/pnpm lockfile, React and testing dependencies; no external service.",medium-high,incomplete
VT-02,undecided,,reserve,vitest-dev/vitest,"Two tests dynamically import a guard after installing different vi.doMock factories. Each test calls vi.resetModules() and vi.doUnmock() first. At the supplied checkout, should this produce equivalent fresh mocked imports in Node and browser modes? Trace the relevant cache implementations and use repository tests to explain any supported limitation. Do not assume another reset call alone fixes the browser case.",https://github.com/vitest-dev/vitest/issues/7712,ae5ec03ef98097aed2851f287a76d595582fe578,Same Node/pnpm monorepo plus Playwright and Chromium/system dependencies.,high,incomplete
